copy_index,upstream_layer,upstream_output_index,upstream_tensor,upstream_output_format_datatype,copy_node,copy_input_format_datatype,copy_output_format_datatype,downstream_layer,downstream_input_index,downstream_tensor,downstream_input_format_datatype,tensor_dimensions
1,<Network Input>,,image,Row major linear FP32,Reformatting CopyNode for Network Input image,Row major linear FP32,Four wide channel vectorized row major Int8 format,/model/patch_embed1/proj_1/Conv,0,Reformatted image,Four wide channel vectorized row major Int8 format,1x3x352x352
1,<Network Input>,,image,Row major linear FP32,Reformatting CopyNode for Network Input image,Row major linear FP32,Four wide channel vectorized row major Int8 format,/model/edge_branch/enc1/enc1.0/Conv,0,Reformatted image,Four wide channel vectorized row major Int8 format,1x3x352x352
2,/model/patch_embed1/proj_1/Conv,0,/model/patch_embed1/proj_1/Conv_output_0,Thirty-two wide channel vectorized row major Int8 format,Reformatting CopyNode for Input Tensor 0 to {ForeignNode[/model/patch_embed1_1/Reshape + /model/patch_embed1_1/Transpose.../model/block1.0/attn/Transpose_1 + /model/block1.0/attn/Reshape_1]},Thirty-two wide channel vectorized row major Int8 format,Row major linear FP16 format,__myl_ReshTran_myl3_0,0,Reformatted Input Tensor 0 to {ForeignNode[/model/patch_embed1_1/Reshape + /model/patch_embed1_1/Transpose.../model/block1.0/attn/Transpose_1 + /model/block1.0/attn/Reshape_1]},Half,1x64x88x88
3,/model/edge_branch/out_conv/Conv + PWN(/model/sigmoid/Sigmoid),0,/model/sigmoid/Sigmoid_output_0,Thirty-two wide channel vectorized row major Int8 format,Reformatting CopyNode for Input Tensor 0 to /model/Expand,Thirty-two wide channel vectorized row major Int8 format,Row major linear FP16 format,/model/Expand,0,Reformatted Input Tensor 0 to /model/Expand,Row major linear FP16 format,1x1x352x352
4,/model/Expand,0,/model/Expand_output_0,Row major linear FP16 format,Reformatting CopyNode for Input Tensor 0 to /model/patch_embed1/proj/Conv,Row major linear FP16 format,Channel major FP16 format where channel % 4 == 0,/model/patch_embed1/proj/Conv,0,Reformatted Input Tensor 0 to /model/patch_embed1/proj/Conv,Channel major FP16 format where channel % 4 == 0,1x3x352x352
5,__myl_AddSqrtDivMulMulAddTran_myl3_2,0,/model/block1.0/attn/Reshape_1_output_0,Half,Reformatting CopyNode for Input Tensor 0 to /model/block1.0/attn/sr/Conv,Row major linear FP16 format,Channel major FP16 format where channel % 8 == 0,/model/block1.0/attn/sr/Conv,0,Reformatted Input Tensor 0 to /model/block1.0/attn/sr/Conv,Channel major FP16 format where channel % 8 == 0,1x64x88x88
6,/model/patch_embed1/proj/Conv,0,/model/patch_embed1/proj/Conv_output_0,Channel major FP16 format where channel % 8 == 0,Reformatting CopyNode for Input Tensor 0 to {ForeignNode[/model/patch_embed1/Reshape + /model/patch_embed1/Transpose.../model/block1.0/mlp/dwconv/Transpose + /model/block1.0/mlp/dwconv/Reshape]},Channel major FP16 format where channel % 8 == 0,Row major linear FP16 format,__myl_ReshTran_myl28_0,0,Reformatted Input Tensor 0 to {ForeignNode[/model/patch_embed1/Reshape + /model/patch_embed1/Transpose.../model/block1.0/mlp/dwconv/Transpose + /model/block1.0/mlp/dwconv/Reshape]},Half,1x64x88x88
7,/model/block1.0/attn/sr/Conv,0,/model/block1.0/attn/sr/Conv_output_0,Channel major FP16 format where channel % 8 == 0,Reformatting CopyNode for Input Tensor 2 to {ForeignNode[/model/patch_embed1/Reshape + /model/patch_embed1/Transpose.../model/block1.0/mlp/dwconv/Transpose + /model/block1.0/mlp/dwconv/Reshape]},Channel major FP16 format where channel % 8 == 0,Row major linear FP16 format,__myl_ReshTranMeanSubMulMeanAddSqrtDivMulMulAdd_myl28_3,0,Reformatted Input Tensor 2 to {ForeignNode[/model/patch_embed1/Reshape + /model/patch_embed1/Transpose.../model/block1.0/mlp/dwconv/Transpose + /model/block1.0/mlp/dwconv/Reshape]},Half,1x64x11x11
8,__myl_Add_myl28_9,0,/model/block1.0/mlp/dwconv/Reshape_output_0,Half,Reformatting CopyNode for Input Tensor 0 to /model/block1.0/mlp/dwconv/dwconv/Conv,Row major linear FP16 format,Channel major FP16 format where channel % 8 == 0,/model/block1.0/mlp/dwconv/dwconv/Conv,0,Reformatted Input Tensor 0 to /model/block1.0/mlp/dwconv/dwconv/Conv,Channel major FP16 format where channel % 8 == 0,1x256x88x88
9,__myl_FcAdd_myl28_6,0,/model/block1.0/Add_output_0,Half,Reformatting CopyNode for Input Tensor 1 to {ForeignNode[model.rgb_encoder.block1.0.mlp.fc2.bias + ONNXTRT_Broadcast_271.../model/block1.1/attn/Transpose_1 + /model/block1.1/attn/Reshape_1]},Row major linear FP16 format,Row major linear FP32,__myl_CastAddMeanSubMulMeanCast_myl32_2,1,Reformatted Input Tensor 1 to {ForeignNode[model.rgb_encoder.block1.0.mlp.fc2.bias + ONNXTRT_Broadcast_271.../model/block1.1/attn/Transpose_1 + /model/block1.1/attn/Reshape_1]},Float,1x7744x64
10,__myl_AddSqrtDivMulMulAddTranReshCast_myl32_3,1,/model/block1.1/norm1/Add_1_output_0,Float,Reformatting CopyNode for Input Tensor 0 to {ForeignNode[/model/block1.1/attn/Add.../model/block1.1/mlp/dwconv/Transpose + /model/block1.1/mlp/dwconv/Reshape]},Row major linear FP32,Row major linear FP16 format,__myl_Add_myl37_0,0,Reformatted Input Tensor 0 to {ForeignNode[/model/block1.1/attn/Add.../model/block1.1/mlp/dwconv/Transpose + /model/block1.1/mlp/dwconv/Reshape]},Half,1x7744x64
11,/model/block1.1/attn/sr/Conv,0,/model/block1.1/attn/sr/Conv_output_0,Channel major FP16 format where channel % 8 == 0,Reformatting CopyNode for Input Tensor 2 to {ForeignNode[/model/block1.1/attn/Add.../model/block1.1/mlp/dwconv/Transpose + /model/block1.1/mlp/dwconv/Reshape]},Channel major FP16 format where channel % 8 == 0,Row major linear FP16 format,__myl_ReshTranMeanSubMulMeanAddSqrtDivMulMulAdd_myl37_2,0,Reformatted Input Tensor 2 to {ForeignNode[/model/block1.1/attn/Add.../model/block1.1/mlp/dwconv/Transpose + /model/block1.1/mlp/dwconv/Reshape]},Half,1x64x11x11
12,__myl_CastAddMeanSubMulMeanCast_myl32_2,0,/model/block1.0/Add_1_output_0,Float,Reformatting CopyNode for Input Tensor 3 to {ForeignNode[/model/block1.1/attn/Add.../model/block1.1/mlp/dwconv/Transpose + /model/block1.1/mlp/dwconv/Reshape]},Row major linear FP32,Row major linear FP16 format,__myl_FcAdd_myl37_5,0,Reformatted Input Tensor 3 to {ForeignNode[/model/block1.1/attn/Add.../model/block1.1/mlp/dwconv/Transpose + /model/block1.1/mlp/dwconv/Reshape]},Half,1x7744x64
13,__myl_Add_myl37_8,0,/model/block1.1/mlp/dwconv/Reshape_output_0,Half,Reformatting CopyNode for Input Tensor 0 to /model/block1.1/mlp/dwconv/dwconv/Conv,Row major linear FP16 format,Channel major FP16 format where channel % 8 == 0,/model/block1.1/mlp/dwconv/dwconv/Conv,0,Reformatted Input Tensor 0 to /model/block1.1/mlp/dwconv/dwconv/Conv,Channel major FP16 format where channel % 8 == 0,1x256x88x88
14,__myl_FcAdd_myl37_5,0,/model/block1.1/Add_output_0,Half,Reformatting CopyNode for Input Tensor 1 to {ForeignNode[model.rgb_encoder.block1.1.mlp.fc2.bias + ONNXTRT_Broadcast_367.../model/block1.2/attn/Transpose_1 + /model/block1.2/attn/Reshape_1]},Row major linear FP16 format,Row major linear FP32,__myl_CastAddMeanSubMulMeanCast_myl41_2,1,Reformatted Input Tensor 1 to {ForeignNode[model.rgb_encoder.block1.1.mlp.fc2.bias + ONNXTRT_Broadcast_367.../model/block1.2/attn/Transpose_1 + /model/block1.2/attn/Reshape_1]},Float,1x7744x64
15,__myl_AddSqrtDivMulMulAddTranReshCast_myl41_3,1,/model/block1.2/norm1/Add_1_output_0,Float,Reformatting CopyNode for Input Tensor 0 to {ForeignNode[/model/block1.2/attn/Add.../model/block1.2/mlp/dwconv/Transpose + /model/block1.2/mlp/dwconv/Reshape]},Row major linear FP32,Row major linear FP16 format,__myl_Add_myl46_0,0,Reformatted Input Tensor 0 to {ForeignNode[/model/block1.2/attn/Add.../model/block1.2/mlp/dwconv/Transpose + /model/block1.2/mlp/dwconv/Reshape]},Half,1x7744x64
16,/model/block1.2/attn/sr/Conv,0,/model/block1.2/attn/sr/Conv_output_0,Channel major FP16 format where channel % 8 == 0,Reformatting CopyNode for Input Tensor 2 to {ForeignNode[/model/block1.2/attn/Add.../model/block1.2/mlp/dwconv/Transpose + /model/block1.2/mlp/dwconv/Reshape]},Channel major FP16 format where channel % 8 == 0,Row major linear FP16 format,__myl_ReshTranMeanSubMulMeanAddSqrtDivMulMulAdd_myl46_2,0,Reformatted Input Tensor 2 to {ForeignNode[/model/block1.2/attn/Add.../model/block1.2/mlp/dwconv/Transpose + /model/block1.2/mlp/dwconv/Reshape]},Half,1x64x11x11
17,__myl_CastAddMeanSubMulMeanCast_myl41_2,0,/model/block1.1/Add_1_output_0,Float,Reformatting CopyNode for Input Tensor 3 to {ForeignNode[/model/block1.2/attn/Add.../model/block1.2/mlp/dwconv/Transpose + /model/block1.2/mlp/dwconv/Reshape]},Row major linear FP32,Row major linear FP16 format,__myl_FcAdd_myl46_5,0,Reformatted Input Tensor 3 to {ForeignNode[/model/block1.2/attn/Add.../model/block1.2/mlp/dwconv/Transpose + /model/block1.2/mlp/dwconv/Reshape]},Half,1x7744x64
18,__myl_Add_myl46_8,0,/model/block1.2/mlp/dwconv/Reshape_output_0,Half,Reformatting CopyNode for Input Tensor 0 to /model/block1.2/mlp/dwconv/dwconv/Conv,Row major linear FP16 format,Channel major FP16 format where channel % 8 == 0,/model/block1.2/mlp/dwconv/dwconv/Conv,0,Reformatted Input Tensor 0 to /model/block1.2/mlp/dwconv/dwconv/Conv,Channel major FP16 format where channel % 8 == 0,1x256x88x88
19,__myl_FcAdd_myl46_5,0,/model/block1.2/Add_output_0,Half,Reformatting CopyNode for Input Tensor 1 to {ForeignNode[model.rgb_encoder.block1.2.mlp.fc2.bias + ONNXTRT_Broadcast_463.../model/Reshape + /model/Transpose]},Row major linear FP16 format,Row major linear FP32,__myl_CastAddMeanSubMulMean_myl50_2,1,Reformatted Input Tensor 1 to {ForeignNode[model.rgb_encoder.block1.2.mlp.fc2.bias + ONNXTRT_Broadcast_463.../model/Reshape + /model/Transpose]},Float,1x7744x64
20,__myl_AddSqrtDivMulMulAddReshTran_myl50_3,0,Reformatted Output Tensor 0 to {ForeignNode[model.rgb_encoder.block1.2.mlp.fc2.bias + ONNXTRT_Broadcast_463.../model/Reshape + /model/Transpose]},Half,Reformatting CopyNode for Output Tensor 0 to {ForeignNode[model.rgb_encoder.block1.2.mlp.fc2.bias + ONNXTRT_Broadcast_463.../model/Reshape + /model/Transpose]},Channel major FP16 format where channel % 8 == 0,Thirty-two wide channel vectorized row major Int8 format,Reformatting CopyNode for Input Tensor 0 to /model/patch_embed2/proj/Conv,0,/model/Transpose_output_0,Thirty-two wide channel vectorized row major Int8 format,1x64x88x88
20,__myl_AddSqrtDivMulMulAddReshTran_myl50_3,0,Reformatted Output Tensor 0 to {ForeignNode[model.rgb_encoder.block1.2.mlp.fc2.bias + ONNXTRT_Broadcast_463.../model/Reshape + /model/Transpose]},Half,Reformatting CopyNode for Output Tensor 0 to {ForeignNode[model.rgb_encoder.block1.2.mlp.fc2.bias + ONNXTRT_Broadcast_463.../model/Reshape + /model/Transpose]},Channel major FP16 format where channel % 8 == 0,Thirty-two wide channel vectorized row major Int8 format,"/model/decoder/FEM1/conv1/Conv + PWN(onnx::PRelu_6481 + ONNXTRT_Broadcast_3024, PWN(/model/decoder/FEM1/prelu/PRelu))",0,/model/Transpose_output_0,Thirty-two wide channel vectorized row major Int8 format,1x64x88x88
20,__myl_AddSqrtDivMulMulAddReshTran_myl50_3,0,Reformatted Output Tensor 0 to {ForeignNode[model.rgb_encoder.block1.2.mlp.fc2.bias + ONNXTRT_Broadcast_463.../model/Reshape + /model/Transpose]},Half,Reformatting CopyNode for Output Tensor 0 to {ForeignNode[model.rgb_encoder.block1.2.mlp.fc2.bias + ONNXTRT_Broadcast_463.../model/Reshape + /model/Transpose]},Channel major FP16 format where channel % 8 == 0,Thirty-two wide channel vectorized row major Int8 format,PWN(/model/decoder/FEM1/Add),1,/model/Transpose_output_0,Thirty-two wide channel vectorized row major Int8 format,1x64x88x88
20,__myl_AddSqrtDivMulMulAddReshTran_myl50_3,0,Reformatted Output Tensor 0 to {ForeignNode[model.rgb_encoder.block1.2.mlp.fc2.bias + ONNXTRT_Broadcast_463.../model/Reshape + /model/Transpose]},Half,Reformatting CopyNode for Output Tensor 0 to {ForeignNode[model.rgb_encoder.block1.2.mlp.fc2.bias + ONNXTRT_Broadcast_463.../model/Reshape + /model/Transpose]},Channel major FP16 format where channel % 8 == 0,Thirty-two wide channel vectorized row major Int8 format,/model/decoder/FEM1/conv3/Conv + /model/decoder/FEM1/Add_1,1,/model/Transpose_output_0,Thirty-two wide channel vectorized row major Int8 format,1x64x88x88
21,Reformatting CopyNode for Output Tensor 0 to {ForeignNode[model.rgb_encoder.block1.2.mlp.fc2.bias + ONNXTRT_Broadcast_463.../model/Reshape + /model/Transpose]},0,/model/Transpose_output_0,Thirty-two wide channel vectorized row major Int8 format,Reformatting CopyNode for Input Tensor 0 to /model/patch_embed2/proj/Conv,Thirty-two wide channel vectorized row major Int8 format,Channel major FP16 format where channel % 8 == 0,/model/patch_embed2/proj/Conv,0,Reformatted Input Tensor 0 to /model/patch_embed2/proj/Conv,Channel major FP16 format where channel % 8 == 0,1x64x88x88
22,__myl_AddSqrtDivMulMulAddTranReshCast_myl54_1,1,/model/block2.0/norm1/Add_1_output_0,Float,Reformatting CopyNode for Input Tensor 0 to {ForeignNode[onnx::MatMul_5601 + ONNXTRT_Broadcast_525.../model/block2.0/mlp/dwconv/Transpose + /model/block2.0/mlp/dwconv/Reshape]},Row major linear FP32,Row major linear FP16 format,/model/block2.0/attn/q/MatMul_myl59_2,0,Reformatted Input Tensor 0 to {ForeignNode[onnx::MatMul_5601 + ONNXTRT_Broadcast_525.../model/block2.0/mlp/dwconv/Transpose + /model/block2.0/mlp/dwconv/Reshape]},Half,1x1936x128
23,/model/block2.0/attn/sr/Conv,0,/model/block2.0/attn/sr/Conv_output_0,Channel major FP16 format where channel % 8 == 0,Reformatting CopyNode for Input Tensor 1 to {ForeignNode[onnx::MatMul_5601 + ONNXTRT_Broadcast_525.../model/block2.0/mlp/dwconv/Transpose + /model/block2.0/mlp/dwconv/Reshape]},Channel major FP16 format where channel % 8 == 0,Row major linear FP16 format,__myl_ReshTranMeanSubMulMeanAddSqrtDivMulMulAdd_myl59_0,0,Reformatted Input Tensor 1 to {ForeignNode[onnx::MatMul_5601 + ONNXTRT_Broadcast_525.../model/block2.0/mlp/dwconv/Transpose + /model/block2.0/mlp/dwconv/Reshape]},Half,1x128x11x11
24,__myl_ReshTranMeanSubMulMeanAddSqrtDivMulMulAddMeanSubMulMeanCast_myl54_0,2,/model/patch_embed2/norm/Add_1_output_0,Float,Reformatting CopyNode for Input Tensor 2 to {ForeignNode[onnx::MatMul_5601 + ONNXTRT_Broadcast_525.../model/block2.0/mlp/dwconv/Transpose + /model/block2.0/mlp/dwconv/Reshape]},Row major linear FP32,Row major linear FP16 format,__myl_FcAdd_myl59_5,0,Reformatted Input Tensor 2 to {ForeignNode[onnx::MatMul_5601 + ONNXTRT_Broadcast_525.../model/block2.0/mlp/dwconv/Transpose + /model/block2.0/mlp/dwconv/Reshape]},Half,1x1936x128
25,__myl_Add_myl59_8,0,/model/block2.0/mlp/dwconv/Reshape_output_0,Half,Reformatting CopyNode for Input Tensor 0 to /model/block2.0/mlp/dwconv/dwconv/Conv,Row major linear FP16 format,Channel major FP16 format where channel % 8 == 0,/model/block2.0/mlp/dwconv/dwconv/Conv,0,Reformatted Input Tensor 0 to /model/block2.0/mlp/dwconv/dwconv/Conv,Channel major FP16 format where channel % 8 == 0,1x512x44x44
26,__myl_FcAdd_myl59_5,0,/model/block2.0/Add_output_0,Half,Reformatting CopyNode for Input Tensor 1 to {ForeignNode[model.rgb_encoder.block2.0.mlp.fc2.bias + ONNXTRT_Broadcast_611.../model/block2.1/attn/Transpose_1 + /model/block2.1/attn/Reshape_1]},Row major linear FP16 format,Row major linear FP32,__myl_CastAddMeanSubMulMeanCast_myl63_2,1,Reformatted Input Tensor 1 to {ForeignNode[model.rgb_encoder.block2.0.mlp.fc2.bias + ONNXTRT_Broadcast_611.../model/block2.1/attn/Transpose_1 + /model/block2.1/attn/Reshape_1]},Float,1x1936x128
27,__myl_AddSqrtDivMulMulAddTranReshCast_myl63_3,1,/model/block2.1/norm1/Add_1_output_0,Float,Reformatting CopyNode for Input Tensor 0 to {ForeignNode[onnx::MatMul_5635 + ONNXTRT_Broadcast_621.../model/block2.1/mlp/dwconv/Transpose + /model/block2.1/mlp/dwconv/Reshape]},Row major linear FP32,Row major linear FP16 format,/model/block2.1/attn/q/MatMul_myl68_2,0,Reformatted Input Tensor 0 to {ForeignNode[onnx::MatMul_5635 + ONNXTRT_Broadcast_621.../model/block2.1/mlp/dwconv/Transpose + /model/block2.1/mlp/dwconv/Reshape]},Half,1x1936x128
28,/model/block2.1/attn/sr/Conv,0,/model/block2.1/attn/sr/Conv_output_0,Channel major FP16 format where channel % 8 == 0,Reformatting CopyNode for Input Tensor 1 to {ForeignNode[onnx::MatMul_5635 + ONNXTRT_Broadcast_621.../model/block2.1/mlp/dwconv/Transpose + /model/block2.1/mlp/dwconv/Reshape]},Channel major FP16 format where channel % 8 == 0,Row major linear FP16 format,__myl_ReshTranMeanSubMulMeanAddSqrtDivMulMulAdd_myl68_0,0,Reformatted Input Tensor 1 to {ForeignNode[onnx::MatMul_5635 + ONNXTRT_Broadcast_621.../model/block2.1/mlp/dwconv/Transpose + /model/block2.1/mlp/dwconv/Reshape]},Half,1x128x11x11
29,__myl_CastAddMeanSubMulMeanCast_myl63_2,0,/model/block2.0/Add_1_output_0,Float,Reformatting CopyNode for Input Tensor 2 to {ForeignNode[onnx::MatMul_5635 + ONNXTRT_Broadcast_621.../model/block2.1/mlp/dwconv/Transpose + /model/block2.1/mlp/dwconv/Reshape]},Row major linear FP32,Row major linear FP16 format,__myl_FcAdd_myl68_5,0,Reformatted Input Tensor 2 to {ForeignNode[onnx::MatMul_5635 + ONNXTRT_Broadcast_621.../model/block2.1/mlp/dwconv/Transpose + /model/block2.1/mlp/dwconv/Reshape]},Half,1x1936x128
30,__myl_Add_myl68_8,0,/model/block2.1/mlp/dwconv/Reshape_output_0,Half,Reformatting CopyNode for Input Tensor 0 to /model/block2.1/mlp/dwconv/dwconv/Conv,Row major linear FP16 format,Channel major FP16 format where channel % 8 == 0,/model/block2.1/mlp/dwconv/dwconv/Conv,0,Reformatted Input Tensor 0 to /model/block2.1/mlp/dwconv/dwconv/Conv,Channel major FP16 format where channel % 8 == 0,1x512x44x44
31,__myl_FcAdd_myl68_5,0,/model/block2.1/Add_output_0,Half,Reformatting CopyNode for Input Tensor 1 to {ForeignNode[model.rgb_encoder.block2.1.mlp.fc2.bias + ONNXTRT_Broadcast_707.../model/block2.2/attn/Transpose_1 + /model/block2.2/attn/Reshape_1]},Row major linear FP16 format,Row major linear FP32,__myl_CastAddMeanSubMulMeanCast_myl72_2,1,Reformatted Input Tensor 1 to {ForeignNode[model.rgb_encoder.block2.1.mlp.fc2.bias + ONNXTRT_Broadcast_707.../model/block2.2/attn/Transpose_1 + /model/block2.2/attn/Reshape_1]},Float,1x1936x128
32,__myl_AddSqrtDivMulMulAddTranReshCast_myl72_3,1,/model/block2.2/norm1/Add_1_output_0,Float,Reformatting CopyNode for Input Tensor 0 to {ForeignNode[onnx::MatMul_5669 + ONNXTRT_Broadcast_717.../model/block2.2/mlp/dwconv/Transpose + /model/block2.2/mlp/dwconv/Reshape]},Row major linear FP32,Row major linear FP16 format,/model/block2.2/attn/q/MatMul_myl77_2,0,Reformatted Input Tensor 0 to {ForeignNode[onnx::MatMul_5669 + ONNXTRT_Broadcast_717.../model/block2.2/mlp/dwconv/Transpose + /model/block2.2/mlp/dwconv/Reshape]},Half,1x1936x128
33,/model/block2.2/attn/sr/Conv,0,/model/block2.2/attn/sr/Conv_output_0,Channel major FP16 format where channel % 8 == 0,Reformatting CopyNode for Input Tensor 1 to {ForeignNode[onnx::MatMul_5669 + ONNXTRT_Broadcast_717.../model/block2.2/mlp/dwconv/Transpose + /model/block2.2/mlp/dwconv/Reshape]},Channel major FP16 format where channel % 8 == 0,Row major linear FP16 format,__myl_ReshTranMeanSubMulMeanAddSqrtDivMulMulAdd_myl77_0,0,Reformatted Input Tensor 1 to {ForeignNode[onnx::MatMul_5669 + ONNXTRT_Broadcast_717.../model/block2.2/mlp/dwconv/Transpose + /model/block2.2/mlp/dwconv/Reshape]},Half,1x128x11x11
34,__myl_CastAddMeanSubMulMeanCast_myl72_2,0,/model/block2.1/Add_1_output_0,Float,Reformatting CopyNode for Input Tensor 2 to {ForeignNode[onnx::MatMul_5669 + ONNXTRT_Broadcast_717.../model/block2.2/mlp/dwconv/Transpose + /model/block2.2/mlp/dwconv/Reshape]},Row major linear FP32,Row major linear FP16 format,__myl_FcAdd_myl77_5,0,Reformatted Input Tensor 2 to {ForeignNode[onnx::MatMul_5669 + ONNXTRT_Broadcast_717.../model/block2.2/mlp/dwconv/Transpose + /model/block2.2/mlp/dwconv/Reshape]},Half,1x1936x128
35,__myl_Add_myl77_8,0,/model/block2.2/mlp/dwconv/Reshape_output_0,Half,Reformatting CopyNode for Input Tensor 0 to /model/block2.2/mlp/dwconv/dwconv/Conv,Row major linear FP16 format,Channel major FP16 format where channel % 8 == 0,/model/block2.2/mlp/dwconv/dwconv/Conv,0,Reformatted Input Tensor 0 to /model/block2.2/mlp/dwconv/dwconv/Conv,Channel major FP16 format where channel % 8 == 0,1x512x44x44
36,__myl_FcAdd_myl77_5,0,/model/block2.2/Add_output_0,Half,Reformatting CopyNode for Input Tensor 1 to {ForeignNode[model.rgb_encoder.block2.2.mlp.fc2.bias + ONNXTRT_Broadcast_803.../model/block2.3/attn/Transpose_1 + /model/block2.3/attn/Reshape_1]},Row major linear FP16 format,Row major linear FP32,__myl_CastAddMeanSubMulMeanCast_myl81_2,1,Reformatted Input Tensor 1 to {ForeignNode[model.rgb_encoder.block2.2.mlp.fc2.bias + ONNXTRT_Broadcast_803.../model/block2.3/attn/Transpose_1 + /model/block2.3/attn/Reshape_1]},Float,1x1936x128
37,__myl_AddSqrtDivMulMulAddTranReshCast_myl81_3,1,/model/block2.3/norm1/Add_1_output_0,Float,Reformatting CopyNode for Input Tensor 0 to {ForeignNode[onnx::MatMul_5703 + ONNXTRT_Broadcast_813.../model/block2.3/mlp/dwconv/Transpose + /model/block2.3/mlp/dwconv/Reshape]},Row major linear FP32,Row major linear FP16 format,/model/block2.3/attn/q/MatMul_myl86_2,0,Reformatted Input Tensor 0 to {ForeignNode[onnx::MatMul_5703 + ONNXTRT_Broadcast_813.../model/block2.3/mlp/dwconv/Transpose + /model/block2.3/mlp/dwconv/Reshape]},Half,1x1936x128
38,/model/block2.3/attn/sr/Conv,0,/model/block2.3/attn/sr/Conv_output_0,Channel major FP16 format where channel % 8 == 0,Reformatting CopyNode for Input Tensor 1 to {ForeignNode[onnx::MatMul_5703 + ONNXTRT_Broadcast_813.../model/block2.3/mlp/dwconv/Transpose + /model/block2.3/mlp/dwconv/Reshape]},Channel major FP16 format where channel % 8 == 0,Row major linear FP16 format,__myl_ReshTranMeanSubMulMeanAddSqrtDivMulMulAdd_myl86_0,0,Reformatted Input Tensor 1 to {ForeignNode[onnx::MatMul_5703 + ONNXTRT_Broadcast_813.../model/block2.3/mlp/dwconv/Transpose + /model/block2.3/mlp/dwconv/Reshape]},Half,1x128x11x11
39,__myl_CastAddMeanSubMulMeanCast_myl81_2,0,/model/block2.2/Add_1_output_0,Float,Reformatting CopyNode for Input Tensor 2 to {ForeignNode[onnx::MatMul_5703 + ONNXTRT_Broadcast_813.../model/block2.3/mlp/dwconv/Transpose + /model/block2.3/mlp/dwconv/Reshape]},Row major linear FP32,Row major linear FP16 format,__myl_FcAdd_myl86_5,0,Reformatted Input Tensor 2 to {ForeignNode[onnx::MatMul_5703 + ONNXTRT_Broadcast_813.../model/block2.3/mlp/dwconv/Transpose + /model/block2.3/mlp/dwconv/Reshape]},Half,1x1936x128
40,__myl_Add_myl86_8,0,/model/block2.3/mlp/dwconv/Reshape_output_0,Half,Reformatting CopyNode for Input Tensor 0 to /model/block2.3/mlp/dwconv/dwconv/Conv,Row major linear FP16 format,Channel major FP16 format where channel % 8 == 0,/model/block2.3/mlp/dwconv/dwconv/Conv,0,Reformatted Input Tensor 0 to /model/block2.3/mlp/dwconv/dwconv/Conv,Channel major FP16 format where channel % 8 == 0,1x512x44x44
41,__myl_FcAdd_myl86_5,0,/model/block2.3/Add_output_0,Half,Reformatting CopyNode for Input Tensor 1 to {ForeignNode[model.rgb_encoder.block2.3.mlp.fc2.bias + ONNXTRT_Broadcast_899.../model/Reshape_1 + /model/Transpose_1]},Row major linear FP16 format,Row major linear FP32,__myl_CastAddMeanSubMulMean_myl90_2,1,Reformatted Input Tensor 1 to {ForeignNode[model.rgb_encoder.block2.3.mlp.fc2.bias + ONNXTRT_Broadcast_899.../model/Reshape_1 + /model/Transpose_1]},Float,1x1936x128
42,__myl_AddSqrtDivMulMulAddTranReshCast_myl92_1,1,/model/block3.0/norm1/Add_1_output_0,Float,Reformatting CopyNode for Input Tensor 0 to {ForeignNode[onnx::MatMul_5742 + ONNXTRT_Broadcast_961.../model/block3.0/mlp/dwconv/Transpose + /model/block3.0/mlp/dwconv/Reshape]},Row major linear FP32,Row major linear FP16 format,/model/block3.0/attn/q/MatMul_myl97_2,0,Reformatted Input Tensor 0 to {ForeignNode[onnx::MatMul_5742 + ONNXTRT_Broadcast_961.../model/block3.0/mlp/dwconv/Transpose + /model/block3.0/mlp/dwconv/Reshape]},Half,1x484x320
43,/model/block3.0/attn/sr/Conv,0,/model/block3.0/attn/sr/Conv_output_0,Channel major FP16 format where channel % 8 == 0,Reformatting CopyNode for Input Tensor 1 to {ForeignNode[onnx::MatMul_5742 + ONNXTRT_Broadcast_961.../model/block3.0/mlp/dwconv/Transpose + /model/block3.0/mlp/dwconv/Reshape]},Channel major FP16 format where channel % 8 == 0,Row major linear FP16 format,__myl_ReshTranMeanSubMulMeanAddSqrtDivMulMulAdd_myl97_0,0,Reformatted Input Tensor 1 to {ForeignNode[onnx::MatMul_5742 + ONNXTRT_Broadcast_961.../model/block3.0/mlp/dwconv/Transpose + /model/block3.0/mlp/dwconv/Reshape]},Half,1x320x11x11
44,__myl_ReshTranMeanSubMulMeanAddSqrtDivMulMulAddMeanSubMulMeanCast_myl92_0,2,/model/patch_embed3/norm/Add_1_output_0,Float,Reformatting CopyNode for Input Tensor 2 to {ForeignNode[onnx::MatMul_5742 + ONNXTRT_Broadcast_961.../model/block3.0/mlp/dwconv/Transpose + /model/block3.0/mlp/dwconv/Reshape]},Row major linear FP32,Row major linear FP16 format,__myl_FcAdd_myl97_5,0,Reformatted Input Tensor 2 to {ForeignNode[onnx::MatMul_5742 + ONNXTRT_Broadcast_961.../model/block3.0/mlp/dwconv/Transpose + /model/block3.0/mlp/dwconv/Reshape]},Half,1x484x320
45,__myl_Add_myl97_8,0,/model/block3.0/mlp/dwconv/Reshape_output_0,Half,Reformatting CopyNode for Input Tensor 0 to /model/block3.0/mlp/dwconv/dwconv/Conv,Row major linear FP16 format,Channel major FP16 format where channel % 8 == 0,/model/block3.0/mlp/dwconv/dwconv/Conv,0,Reformatted Input Tensor 0 to /model/block3.0/mlp/dwconv/dwconv/Conv,Channel major FP16 format where channel % 8 == 0,1x1280x22x22
46,__myl_FcAdd_myl97_5,0,/model/block3.0/Add_output_0,Half,Reformatting CopyNode for Input Tensor 1 to {ForeignNode[model.rgb_encoder.block3.0.mlp.fc2.bias + ONNXTRT_Broadcast_1047.../model/block3.1/attn/Transpose_1 + /model/block3.1/attn/Reshape_1]},Row major linear FP16 format,Row major linear FP32,__myl_CastAddMeanSubMulMeanCast_myl101_2,1,Reformatted Input Tensor 1 to {ForeignNode[model.rgb_encoder.block3.0.mlp.fc2.bias + ONNXTRT_Broadcast_1047.../model/block3.1/attn/Transpose_1 + /model/block3.1/attn/Reshape_1]},Float,1x484x320
47,__myl_AddSqrtDivMulMulAddTranReshCast_myl101_3,1,/model/block3.1/norm1/Add_1_output_0,Float,Reformatting CopyNode for Input Tensor 0 to {ForeignNode[onnx::MatMul_5776 + ONNXTRT_Broadcast_1057.../model/block3.1/mlp/dwconv/Transpose + /model/block3.1/mlp/dwconv/Reshape]},Row major linear FP32,Row major linear FP16 format,/model/block3.1/attn/q/MatMul_myl106_2,0,Reformatted Input Tensor 0 to {ForeignNode[onnx::MatMul_5776 + ONNXTRT_Broadcast_1057.../model/block3.1/mlp/dwconv/Transpose + /model/block3.1/mlp/dwconv/Reshape]},Half,1x484x320
48,/model/block3.1/attn/sr/Conv,0,/model/block3.1/attn/sr/Conv_output_0,Channel major FP16 format where channel % 8 == 0,Reformatting CopyNode for Input Tensor 1 to {ForeignNode[onnx::MatMul_5776 + ONNXTRT_Broadcast_1057.../model/block3.1/mlp/dwconv/Transpose + /model/block3.1/mlp/dwconv/Reshape]},Channel major FP16 format where channel % 8 == 0,Row major linear FP16 format,__myl_ReshTranMeanSubMulMeanAddSqrtDivMulMulAdd_myl106_0,0,Reformatted Input Tensor 1 to {ForeignNode[onnx::MatMul_5776 + ONNXTRT_Broadcast_1057.../model/block3.1/mlp/dwconv/Transpose + /model/block3.1/mlp/dwconv/Reshape]},Half,1x320x11x11
49,__myl_CastAddMeanSubMulMeanCast_myl101_2,0,/model/block3.0/Add_1_output_0,Float,Reformatting CopyNode for Input Tensor 2 to {ForeignNode[onnx::MatMul_5776 + ONNXTRT_Broadcast_1057.../model/block3.1/mlp/dwconv/Transpose + /model/block3.1/mlp/dwconv/Reshape]},Row major linear FP32,Row major linear FP16 format,__myl_FcAdd_myl106_5,0,Reformatted Input Tensor 2 to {ForeignNode[onnx::MatMul_5776 + ONNXTRT_Broadcast_1057.../model/block3.1/mlp/dwconv/Transpose + /model/block3.1/mlp/dwconv/Reshape]},Half,1x484x320
50,__myl_Add_myl106_8,0,/model/block3.1/mlp/dwconv/Reshape_output_0,Half,Reformatting CopyNode for Input Tensor 0 to /model/block3.1/mlp/dwconv/dwconv/Conv,Row major linear FP16 format,Channel major FP16 format where channel % 8 == 0,/model/block3.1/mlp/dwconv/dwconv/Conv,0,Reformatted Input Tensor 0 to /model/block3.1/mlp/dwconv/dwconv/Conv,Channel major FP16 format where channel % 8 == 0,1x1280x22x22
51,__myl_FcAdd_myl106_5,0,/model/block3.1/Add_output_0,Half,Reformatting CopyNode for Input Tensor 1 to {ForeignNode[model.rgb_encoder.block3.1.mlp.fc2.bias + ONNXTRT_Broadcast_1143.../model/block3.2/attn/Transpose_1 + /model/block3.2/attn/Reshape_1]},Row major linear FP16 format,Row major linear FP32,__myl_CastAddMeanSubMulMeanCast_myl110_2,1,Reformatted Input Tensor 1 to {ForeignNode[model.rgb_encoder.block3.1.mlp.fc2.bias + ONNXTRT_Broadcast_1143.../model/block3.2/attn/Transpose_1 + /model/block3.2/attn/Reshape_1]},Float,1x484x320
52,__myl_AddSqrtDivMulMulAddTranReshCast_myl110_3,1,/model/block3.2/norm1/Add_1_output_0,Float,Reformatting CopyNode for Input Tensor 0 to {ForeignNode[onnx::MatMul_5810 + ONNXTRT_Broadcast_1153.../model/block3.2/mlp/dwconv/Transpose + /model/block3.2/mlp/dwconv/Reshape]},Row major linear FP32,Row major linear FP16 format,/model/block3.2/attn/q/MatMul_myl115_2,0,Reformatted Input Tensor 0 to {ForeignNode[onnx::MatMul_5810 + ONNXTRT_Broadcast_1153.../model/block3.2/mlp/dwconv/Transpose + /model/block3.2/mlp/dwconv/Reshape]},Half,1x484x320
53,/model/block3.2/attn/sr/Conv,0,/model/block3.2/attn/sr/Conv_output_0,Channel major FP16 format where channel % 8 == 0,Reformatting CopyNode for Input Tensor 1 to {ForeignNode[onnx::MatMul_5810 + ONNXTRT_Broadcast_1153.../model/block3.2/mlp/dwconv/Transpose + /model/block3.2/mlp/dwconv/Reshape]},Channel major FP16 format where channel % 8 == 0,Row major linear FP16 format,__myl_ReshTranMeanSubMulMeanAddSqrtDivMulMulAdd_myl115_0,0,Reformatted Input Tensor 1 to {ForeignNode[onnx::MatMul_5810 + ONNXTRT_Broadcast_1153.../model/block3.2/mlp/dwconv/Transpose + /model/block3.2/mlp/dwconv/Reshape]},Half,1x320x11x11
54,__myl_CastAddMeanSubMulMeanCast_myl110_2,0,/model/block3.1/Add_1_output_0,Float,Reformatting CopyNode for Input Tensor 2 to {ForeignNode[onnx::MatMul_5810 + ONNXTRT_Broadcast_1153.../model/block3.2/mlp/dwconv/Transpose + /model/block3.2/mlp/dwconv/Reshape]},Row major linear FP32,Row major linear FP16 format,__myl_FcAdd_myl115_5,0,Reformatted Input Tensor 2 to {ForeignNode[onnx::MatMul_5810 + ONNXTRT_Broadcast_1153.../model/block3.2/mlp/dwconv/Transpose + /model/block3.2/mlp/dwconv/Reshape]},Half,1x484x320
55,__myl_Add_myl115_8,0,/model/block3.2/mlp/dwconv/Reshape_output_0,Half,Reformatting CopyNode for Input Tensor 0 to /model/block3.2/mlp/dwconv/dwconv/Conv,Row major linear FP16 format,Channel major FP16 format where channel % 8 == 0,/model/block3.2/mlp/dwconv/dwconv/Conv,0,Reformatted Input Tensor 0 to /model/block3.2/mlp/dwconv/dwconv/Conv,Channel major FP16 format where channel % 8 == 0,1x1280x22x22
56,__myl_FcAdd_myl115_5,0,/model/block3.2/Add_output_0,Half,Reformatting CopyNode for Input Tensor 1 to {ForeignNode[model.rgb_encoder.block3.2.mlp.fc2.bias + ONNXTRT_Broadcast_1239.../model/block3.3/attn/Transpose_1 + /model/block3.3/attn/Reshape_1]},Row major linear FP16 format,Row major linear FP32,__myl_CastAddMeanSubMulMeanCast_myl119_2,1,Reformatted Input Tensor 1 to {ForeignNode[model.rgb_encoder.block3.2.mlp.fc2.bias + ONNXTRT_Broadcast_1239.../model/block3.3/attn/Transpose_1 + /model/block3.3/attn/Reshape_1]},Float,1x484x320
57,__myl_AddSqrtDivMulMulAddTranReshCast_myl119_3,1,/model/block3.3/norm1/Add_1_output_0,Float,Reformatting CopyNode for Input Tensor 0 to {ForeignNode[onnx::MatMul_5844 + ONNXTRT_Broadcast_1249.../model/block3.3/mlp/dwconv/Transpose + /model/block3.3/mlp/dwconv/Reshape]},Row major linear FP32,Row major linear FP16 format,/model/block3.3/attn/q/MatMul_myl124_2,0,Reformatted Input Tensor 0 to {ForeignNode[onnx::MatMul_5844 + ONNXTRT_Broadcast_1249.../model/block3.3/mlp/dwconv/Transpose + /model/block3.3/mlp/dwconv/Reshape]},Half,1x484x320
58,/model/block3.3/attn/sr/Conv,0,/model/block3.3/attn/sr/Conv_output_0,Channel major FP16 format where channel % 8 == 0,Reformatting CopyNode for Input Tensor 1 to {ForeignNode[onnx::MatMul_5844 + ONNXTRT_Broadcast_1249.../model/block3.3/mlp/dwconv/Transpose + /model/block3.3/mlp/dwconv/Reshape]},Channel major FP16 format where channel % 8 == 0,Row major linear FP16 format,__myl_ReshTranMeanSubMulMeanAddSqrtDivMulMulAdd_myl124_0,0,Reformatted Input Tensor 1 to {ForeignNode[onnx::MatMul_5844 + ONNXTRT_Broadcast_1249.../model/block3.3/mlp/dwconv/Transpose + /model/block3.3/mlp/dwconv/Reshape]},Half,1x320x11x11
59,__myl_CastAddMeanSubMulMeanCast_myl119_2,0,/model/block3.2/Add_1_output_0,Float,Reformatting CopyNode for Input Tensor 2 to {ForeignNode[onnx::MatMul_5844 + ONNXTRT_Broadcast_1249.../model/block3.3/mlp/dwconv/Transpose + /model/block3.3/mlp/dwconv/Reshape]},Row major linear FP32,Row major linear FP16 format,__myl_FcAdd_myl124_5,0,Reformatted Input Tensor 2 to {ForeignNode[onnx::MatMul_5844 + ONNXTRT_Broadcast_1249.../model/block3.3/mlp/dwconv/Transpose + /model/block3.3/mlp/dwconv/Reshape]},Half,1x484x320
60,__myl_Add_myl124_8,0,/model/block3.3/mlp/dwconv/Reshape_output_0,Half,Reformatting CopyNode for Input Tensor 0 to /model/block3.3/mlp/dwconv/dwconv/Conv,Row major linear FP16 format,Channel major FP16 format where channel % 8 == 0,/model/block3.3/mlp/dwconv/dwconv/Conv,0,Reformatted Input Tensor 0 to /model/block3.3/mlp/dwconv/dwconv/Conv,Channel major FP16 format where channel % 8 == 0,1x1280x22x22
61,__myl_FcAdd_myl124_5,0,/model/block3.3/Add_output_0,Half,Reformatting CopyNode for Input Tensor 1 to {ForeignNode[model.rgb_encoder.block3.3.mlp.fc2.bias + ONNXTRT_Broadcast_1335.../model/block3.4/attn/Transpose_1 + /model/block3.4/attn/Reshape_1]},Row major linear FP16 format,Row major linear FP32,__myl_CastAddMeanSubMulMeanCast_myl128_2,1,Reformatted Input Tensor 1 to {ForeignNode[model.rgb_encoder.block3.3.mlp.fc2.bias + ONNXTRT_Broadcast_1335.../model/block3.4/attn/Transpose_1 + /model/block3.4/attn/Reshape_1]},Float,1x484x320
62,__myl_AddSqrtDivMulMulAddTranReshCast_myl128_3,1,/model/block3.4/norm1/Add_1_output_0,Float,Reformatting CopyNode for Input Tensor 0 to {ForeignNode[onnx::MatMul_5878 + ONNXTRT_Broadcast_1345.../model/block3.4/mlp/dwconv/Transpose + /model/block3.4/mlp/dwconv/Reshape]},Row major linear FP32,Row major linear FP16 format,/model/block3.4/attn/q/MatMul_myl133_2,0,Reformatted Input Tensor 0 to {ForeignNode[onnx::MatMul_5878 + ONNXTRT_Broadcast_1345.../model/block3.4/mlp/dwconv/Transpose + /model/block3.4/mlp/dwconv/Reshape]},Half,1x484x320
63,/model/block3.4/attn/sr/Conv,0,/model/block3.4/attn/sr/Conv_output_0,Channel major FP16 format where channel % 8 == 0,Reformatting CopyNode for Input Tensor 1 to {ForeignNode[onnx::MatMul_5878 + ONNXTRT_Broadcast_1345.../model/block3.4/mlp/dwconv/Transpose + /model/block3.4/mlp/dwconv/Reshape]},Channel major FP16 format where channel % 8 == 0,Row major linear FP16 format,__myl_ReshTranMeanSubMulMeanAddSqrtDivMulMulAdd_myl133_0,0,Reformatted Input Tensor 1 to {ForeignNode[onnx::MatMul_5878 + ONNXTRT_Broadcast_1345.../model/block3.4/mlp/dwconv/Transpose + /model/block3.4/mlp/dwconv/Reshape]},Half,1x320x11x11
64,__myl_CastAddMeanSubMulMeanCast_myl128_2,0,/model/block3.3/Add_1_output_0,Float,Reformatting CopyNode for Input Tensor 2 to {ForeignNode[onnx::MatMul_5878 + ONNXTRT_Broadcast_1345.../model/block3.4/mlp/dwconv/Transpose + /model/block3.4/mlp/dwconv/Reshape]},Row major linear FP32,Row major linear FP16 format,__myl_FcAdd_myl133_5,0,Reformatted Input Tensor 2 to {ForeignNode[onnx::MatMul_5878 + ONNXTRT_Broadcast_1345.../model/block3.4/mlp/dwconv/Transpose + /model/block3.4/mlp/dwconv/Reshape]},Half,1x484x320
65,__myl_Add_myl133_8,0,/model/block3.4/mlp/dwconv/Reshape_output_0,Half,Reformatting CopyNode for Input Tensor 0 to /model/block3.4/mlp/dwconv/dwconv/Conv,Row major linear FP16 format,Channel major FP16 format where channel % 8 == 0,/model/block3.4/mlp/dwconv/dwconv/Conv,0,Reformatted Input Tensor 0 to /model/block3.4/mlp/dwconv/dwconv/Conv,Channel major FP16 format where channel % 8 == 0,1x1280x22x22
66,__myl_FcAdd_myl133_5,0,/model/block3.4/Add_output_0,Half,Reformatting CopyNode for Input Tensor 1 to {ForeignNode[model.rgb_encoder.block3.4.mlp.fc2.bias + ONNXTRT_Broadcast_1431.../model/block3.5/attn/Transpose_1 + /model/block3.5/attn/Reshape_1]},Row major linear FP16 format,Row major linear FP32,__myl_CastAddMeanSubMulMeanCast_myl137_2,1,Reformatted Input Tensor 1 to {ForeignNode[model.rgb_encoder.block3.4.mlp.fc2.bias + ONNXTRT_Broadcast_1431.../model/block3.5/attn/Transpose_1 + /model/block3.5/attn/Reshape_1]},Float,1x484x320
67,__myl_AddSqrtDivMulMulAddTranReshCast_myl137_3,1,/model/block3.5/norm1/Add_1_output_0,Float,Reformatting CopyNode for Input Tensor 0 to {ForeignNode[onnx::MatMul_5912 + ONNXTRT_Broadcast_1441.../model/block3.5/mlp/dwconv/Transpose + /model/block3.5/mlp/dwconv/Reshape]},Row major linear FP32,Row major linear FP16 format,/model/block3.5/attn/q/MatMul_myl142_2,0,Reformatted Input Tensor 0 to {ForeignNode[onnx::MatMul_5912 + ONNXTRT_Broadcast_1441.../model/block3.5/mlp/dwconv/Transpose + /model/block3.5/mlp/dwconv/Reshape]},Half,1x484x320
68,/model/block3.5/attn/sr/Conv,0,/model/block3.5/attn/sr/Conv_output_0,Channel major FP16 format where channel % 8 == 0,Reformatting CopyNode for Input Tensor 1 to {ForeignNode[onnx::MatMul_5912 + ONNXTRT_Broadcast_1441.../model/block3.5/mlp/dwconv/Transpose + /model/block3.5/mlp/dwconv/Reshape]},Channel major FP16 format where channel % 8 == 0,Row major linear FP16 format,__myl_ReshTranMeanSubMulMeanAddSqrtDivMulMulAdd_myl142_0,0,Reformatted Input Tensor 1 to {ForeignNode[onnx::MatMul_5912 + ONNXTRT_Broadcast_1441.../model/block3.5/mlp/dwconv/Transpose + /model/block3.5/mlp/dwconv/Reshape]},Half,1x320x11x11
69,__myl_CastAddMeanSubMulMeanCast_myl137_2,0,/model/block3.4/Add_1_output_0,Float,Reformatting CopyNode for Input Tensor 2 to {ForeignNode[onnx::MatMul_5912 + ONNXTRT_Broadcast_1441.../model/block3.5/mlp/dwconv/Transpose + /model/block3.5/mlp/dwconv/Reshape]},Row major linear FP32,Row major linear FP16 format,__myl_FcAdd_myl142_5,0,Reformatted Input Tensor 2 to {ForeignNode[onnx::MatMul_5912 + ONNXTRT_Broadcast_1441.../model/block3.5/mlp/dwconv/Transpose + /model/block3.5/mlp/dwconv/Reshape]},Half,1x484x320
70,__myl_Add_myl142_8,0,/model/block3.5/mlp/dwconv/Reshape_output_0,Half,Reformatting CopyNode for Input Tensor 0 to /model/block3.5/mlp/dwconv/dwconv/Conv,Row major linear FP16 format,Channel major FP16 format where channel % 8 == 0,/model/block3.5/mlp/dwconv/dwconv/Conv,0,Reformatted Input Tensor 0 to /model/block3.5/mlp/dwconv/dwconv/Conv,Channel major FP16 format where channel % 8 == 0,1x1280x22x22
71,__myl_FcAdd_myl142_5,0,/model/block3.5/Add_output_0,Half,Reformatting CopyNode for Input Tensor 1 to {ForeignNode[model.rgb_encoder.block3.5.mlp.fc2.bias + ONNXTRT_Broadcast_1527.../model/block3.6/attn/Transpose_1 + /model/block3.6/attn/Reshape_1]},Row major linear FP16 format,Row major linear FP32,__myl_CastAddMeanSubMulMeanCast_myl146_2,1,Reformatted Input Tensor 1 to {ForeignNode[model.rgb_encoder.block3.5.mlp.fc2.bias + ONNXTRT_Broadcast_1527.../model/block3.6/attn/Transpose_1 + /model/block3.6/attn/Reshape_1]},Float,1x484x320
72,__myl_AddSqrtDivMulMulAddTranReshCast_myl146_3,1,/model/block3.6/norm1/Add_1_output_0,Float,Reformatting CopyNode for Input Tensor 0 to {ForeignNode[onnx::MatMul_5946 + ONNXTRT_Broadcast_1537.../model/block3.6/mlp/dwconv/Transpose + /model/block3.6/mlp/dwconv/Reshape]},Row major linear FP32,Row major linear FP16 format,/model/block3.6/attn/q/MatMul_myl151_2,0,Reformatted Input Tensor 0 to {ForeignNode[onnx::MatMul_5946 + ONNXTRT_Broadcast_1537.../model/block3.6/mlp/dwconv/Transpose + /model/block3.6/mlp/dwconv/Reshape]},Half,1x484x320
73,/model/block3.6/attn/sr/Conv,0,/model/block3.6/attn/sr/Conv_output_0,Channel major FP16 format where channel % 8 == 0,Reformatting CopyNode for Input Tensor 1 to {ForeignNode[onnx::MatMul_5946 + ONNXTRT_Broadcast_1537.../model/block3.6/mlp/dwconv/Transpose + /model/block3.6/mlp/dwconv/Reshape]},Channel major FP16 format where channel % 8 == 0,Row major linear FP16 format,__myl_ReshTranMeanSubMulMeanAddSqrtDivMulMulAdd_myl151_0,0,Reformatted Input Tensor 1 to {ForeignNode[onnx::MatMul_5946 + ONNXTRT_Broadcast_1537.../model/block3.6/mlp/dwconv/Transpose + /model/block3.6/mlp/dwconv/Reshape]},Half,1x320x11x11
74,__myl_CastAddMeanSubMulMeanCast_myl146_2,0,/model/block3.5/Add_1_output_0,Float,Reformatting CopyNode for Input Tensor 2 to {ForeignNode[onnx::MatMul_5946 + ONNXTRT_Broadcast_1537.../model/block3.6/mlp/dwconv/Transpose + /model/block3.6/mlp/dwconv/Reshape]},Row major linear FP32,Row major linear FP16 format,__myl_FcAdd_myl151_5,0,Reformatted Input Tensor 2 to {ForeignNode[onnx::MatMul_5946 + ONNXTRT_Broadcast_1537.../model/block3.6/mlp/dwconv/Transpose + /model/block3.6/mlp/dwconv/Reshape]},Half,1x484x320
75,__myl_Add_myl151_8,0,/model/block3.6/mlp/dwconv/Reshape_output_0,Half,Reformatting CopyNode for Input Tensor 0 to /model/block3.6/mlp/dwconv/dwconv/Conv,Row major linear FP16 format,Channel major FP16 format where channel % 8 == 0,/model/block3.6/mlp/dwconv/dwconv/Conv,0,Reformatted Input Tensor 0 to /model/block3.6/mlp/dwconv/dwconv/Conv,Channel major FP16 format where channel % 8 == 0,1x1280x22x22
76,__myl_FcAdd_myl151_5,0,/model/block3.6/Add_output_0,Half,Reformatting CopyNode for Input Tensor 1 to {ForeignNode[model.rgb_encoder.block3.6.mlp.fc2.bias + ONNXTRT_Broadcast_1623.../model/block3.7/attn/Transpose_1 + /model/block3.7/attn/Reshape_1]},Row major linear FP16 format,Row major linear FP32,__myl_CastAddMeanSubMulMeanCast_myl155_2,1,Reformatted Input Tensor 1 to {ForeignNode[model.rgb_encoder.block3.6.mlp.fc2.bias + ONNXTRT_Broadcast_1623.../model/block3.7/attn/Transpose_1 + /model/block3.7/attn/Reshape_1]},Float,1x484x320
77,__myl_AddSqrtDivMulMulAddTranReshCast_myl155_3,1,/model/block3.7/norm1/Add_1_output_0,Float,Reformatting CopyNode for Input Tensor 0 to {ForeignNode[onnx::MatMul_5980 + ONNXTRT_Broadcast_1633.../model/block3.7/mlp/dwconv/Transpose + /model/block3.7/mlp/dwconv/Reshape]},Row major linear FP32,Row major linear FP16 format,/model/block3.7/attn/q/MatMul_myl160_2,0,Reformatted Input Tensor 0 to {ForeignNode[onnx::MatMul_5980 + ONNXTRT_Broadcast_1633.../model/block3.7/mlp/dwconv/Transpose + /model/block3.7/mlp/dwconv/Reshape]},Half,1x484x320
78,/model/block3.7/attn/sr/Conv,0,/model/block3.7/attn/sr/Conv_output_0,Channel major FP16 format where channel % 8 == 0,Reformatting CopyNode for Input Tensor 1 to {ForeignNode[onnx::MatMul_5980 + ONNXTRT_Broadcast_1633.../model/block3.7/mlp/dwconv/Transpose + /model/block3.7/mlp/dwconv/Reshape]},Channel major FP16 format where channel % 8 == 0,Row major linear FP16 format,__myl_ReshTranMeanSubMulMeanAddSqrtDivMulMulAdd_myl160_0,0,Reformatted Input Tensor 1 to {ForeignNode[onnx::MatMul_5980 + ONNXTRT_Broadcast_1633.../model/block3.7/mlp/dwconv/Transpose + /model/block3.7/mlp/dwconv/Reshape]},Half,1x320x11x11
79,__myl_CastAddMeanSubMulMeanCast_myl155_2,0,/model/block3.6/Add_1_output_0,Float,Reformatting CopyNode for Input Tensor 2 to {ForeignNode[onnx::MatMul_5980 + ONNXTRT_Broadcast_1633.../model/block3.7/mlp/dwconv/Transpose + /model/block3.7/mlp/dwconv/Reshape]},Row major linear FP32,Row major linear FP16 format,__myl_FcAdd_myl160_5,0,Reformatted Input Tensor 2 to {ForeignNode[onnx::MatMul_5980 + ONNXTRT_Broadcast_1633.../model/block3.7/mlp/dwconv/Transpose + /model/block3.7/mlp/dwconv/Reshape]},Half,1x484x320
80,__myl_Add_myl160_8,0,/model/block3.7/mlp/dwconv/Reshape_output_0,Half,Reformatting CopyNode for Input Tensor 0 to /model/block3.7/mlp/dwconv/dwconv/Conv,Row major linear FP16 format,Channel major FP16 format where channel % 8 == 0,/model/block3.7/mlp/dwconv/dwconv/Conv,0,Reformatted Input Tensor 0 to /model/block3.7/mlp/dwconv/dwconv/Conv,Channel major FP16 format where channel % 8 == 0,1x1280x22x22
81,__myl_FcAdd_myl160_5,0,/model/block3.7/Add_output_0,Half,Reformatting CopyNode for Input Tensor 1 to {ForeignNode[model.rgb_encoder.block3.7.mlp.fc2.bias + ONNXTRT_Broadcast_1719.../model/block3.8/attn/Transpose_1 + /model/block3.8/attn/Reshape_1]},Row major linear FP16 format,Row major linear FP32,__myl_CastAddMeanSubMulMeanCast_myl164_2,1,Reformatted Input Tensor 1 to {ForeignNode[model.rgb_encoder.block3.7.mlp.fc2.bias + ONNXTRT_Broadcast_1719.../model/block3.8/attn/Transpose_1 + /model/block3.8/attn/Reshape_1]},Float,1x484x320
82,__myl_AddSqrtDivMulMulAddTranReshCast_myl164_3,1,/model/block3.8/norm1/Add_1_output_0,Float,Reformatting CopyNode for Input Tensor 0 to {ForeignNode[onnx::MatMul_6014 + ONNXTRT_Broadcast_1729.../model/block3.8/mlp/dwconv/Transpose + /model/block3.8/mlp/dwconv/Reshape]},Row major linear FP32,Row major linear FP16 format,/model/block3.8/attn/q/MatMul_myl169_2,0,Reformatted Input Tensor 0 to {ForeignNode[onnx::MatMul_6014 + ONNXTRT_Broadcast_1729.../model/block3.8/mlp/dwconv/Transpose + /model/block3.8/mlp/dwconv/Reshape]},Half,1x484x320
83,/model/block3.8/attn/sr/Conv,0,/model/block3.8/attn/sr/Conv_output_0,Channel major FP16 format where channel % 8 == 0,Reformatting CopyNode for Input Tensor 1 to {ForeignNode[onnx::MatMul_6014 + ONNXTRT_Broadcast_1729.../model/block3.8/mlp/dwconv/Transpose + /model/block3.8/mlp/dwconv/Reshape]},Channel major FP16 format where channel % 8 == 0,Row major linear FP16 format,__myl_ReshTranMeanSubMulMeanAddSqrtDivMulMulAdd_myl169_0,0,Reformatted Input Tensor 1 to {ForeignNode[onnx::MatMul_6014 + ONNXTRT_Broadcast_1729.../model/block3.8/mlp/dwconv/Transpose + /model/block3.8/mlp/dwconv/Reshape]},Half,1x320x11x11
84,__myl_CastAddMeanSubMulMeanCast_myl164_2,0,/model/block3.7/Add_1_output_0,Float,Reformatting CopyNode for Input Tensor 2 to {ForeignNode[onnx::MatMul_6014 + ONNXTRT_Broadcast_1729.../model/block3.8/mlp/dwconv/Transpose + /model/block3.8/mlp/dwconv/Reshape]},Row major linear FP32,Row major linear FP16 format,__myl_FcAdd_myl169_5,0,Reformatted Input Tensor 2 to {ForeignNode[onnx::MatMul_6014 + ONNXTRT_Broadcast_1729.../model/block3.8/mlp/dwconv/Transpose + /model/block3.8/mlp/dwconv/Reshape]},Half,1x484x320
85,__myl_Add_myl169_8,0,/model/block3.8/mlp/dwconv/Reshape_output_0,Half,Reformatting CopyNode for Input Tensor 0 to /model/block3.8/mlp/dwconv/dwconv/Conv,Row major linear FP16 format,Channel major FP16 format where channel % 8 == 0,/model/block3.8/mlp/dwconv/dwconv/Conv,0,Reformatted Input Tensor 0 to /model/block3.8/mlp/dwconv/dwconv/Conv,Channel major FP16 format where channel % 8 == 0,1x1280x22x22
86,__myl_FcAdd_myl169_5,0,/model/block3.8/Add_output_0,Half,Reformatting CopyNode for Input Tensor 1 to {ForeignNode[model.rgb_encoder.block3.8.mlp.fc2.bias + ONNXTRT_Broadcast_1815.../model/block3.9/attn/Transpose_1 + /model/block3.9/attn/Reshape_1]},Row major linear FP16 format,Row major linear FP32,__myl_CastAddMeanSubMulMeanCast_myl173_2,1,Reformatted Input Tensor 1 to {ForeignNode[model.rgb_encoder.block3.8.mlp.fc2.bias + ONNXTRT_Broadcast_1815.../model/block3.9/attn/Transpose_1 + /model/block3.9/attn/Reshape_1]},Float,1x484x320
87,__myl_AddSqrtDivMulMulAddTranReshCast_myl173_3,1,/model/block3.9/norm1/Add_1_output_0,Float,Reformatting CopyNode for Input Tensor 0 to {ForeignNode[onnx::MatMul_6048 + ONNXTRT_Broadcast_1825.../model/block3.9/mlp/dwconv/Transpose + /model/block3.9/mlp/dwconv/Reshape]},Row major linear FP32,Row major linear FP16 format,/model/block3.9/attn/q/MatMul_myl178_2,0,Reformatted Input Tensor 0 to {ForeignNode[onnx::MatMul_6048 + ONNXTRT_Broadcast_1825.../model/block3.9/mlp/dwconv/Transpose + /model/block3.9/mlp/dwconv/Reshape]},Half,1x484x320
88,/model/block3.9/attn/sr/Conv,0,/model/block3.9/attn/sr/Conv_output_0,Channel major FP16 format where channel % 8 == 0,Reformatting CopyNode for Input Tensor 1 to {ForeignNode[onnx::MatMul_6048 + ONNXTRT_Broadcast_1825.../model/block3.9/mlp/dwconv/Transpose + /model/block3.9/mlp/dwconv/Reshape]},Channel major FP16 format where channel % 8 == 0,Row major linear FP16 format,__myl_ReshTranMeanSubMulMeanAddSqrtDivMulMulAdd_myl178_0,0,Reformatted Input Tensor 1 to {ForeignNode[onnx::MatMul_6048 + ONNXTRT_Broadcast_1825.../model/block3.9/mlp/dwconv/Transpose + /model/block3.9/mlp/dwconv/Reshape]},Half,1x320x11x11
89,__myl_CastAddMeanSubMulMeanCast_myl173_2,0,/model/block3.8/Add_1_output_0,Float,Reformatting CopyNode for Input Tensor 2 to {ForeignNode[onnx::MatMul_6048 + ONNXTRT_Broadcast_1825.../model/block3.9/mlp/dwconv/Transpose + /model/block3.9/mlp/dwconv/Reshape]},Row major linear FP32,Row major linear FP16 format,__myl_FcAdd_myl178_5,0,Reformatted Input Tensor 2 to {ForeignNode[onnx::MatMul_6048 + ONNXTRT_Broadcast_1825.../model/block3.9/mlp/dwconv/Transpose + /model/block3.9/mlp/dwconv/Reshape]},Half,1x484x320
90,__myl_Add_myl178_8,0,/model/block3.9/mlp/dwconv/Reshape_output_0,Half,Reformatting CopyNode for Input Tensor 0 to /model/block3.9/mlp/dwconv/dwconv/Conv,Row major linear FP16 format,Channel major FP16 format where channel % 8 == 0,/model/block3.9/mlp/dwconv/dwconv/Conv,0,Reformatted Input Tensor 0 to /model/block3.9/mlp/dwconv/dwconv/Conv,Channel major FP16 format where channel % 8 == 0,1x1280x22x22
91,__myl_FcAdd_myl178_5,0,/model/block3.9/Add_output_0,Half,Reformatting CopyNode for Input Tensor 1 to {ForeignNode[model.rgb_encoder.block3.9.mlp.fc2.bias + ONNXTRT_Broadcast_1911.../model/block3.10/attn/Transpose_1 + /model/block3.10/attn/Reshape_1]},Row major linear FP16 format,Row major linear FP32,__myl_CastAddMeanSubMulMeanCast_myl182_2,1,Reformatted Input Tensor 1 to {ForeignNode[model.rgb_encoder.block3.9.mlp.fc2.bias + ONNXTRT_Broadcast_1911.../model/block3.10/attn/Transpose_1 + /model/block3.10/attn/Reshape_1]},Float,1x484x320
92,__myl_AddSqrtDivMulMulAddTranReshCast_myl182_3,1,/model/block3.10/norm1/Add_1_output_0,Float,Reformatting CopyNode for Input Tensor 0 to {ForeignNode[onnx::MatMul_6082 + ONNXTRT_Broadcast_1921.../model/block3.10/mlp/dwconv/Transpose + /model/block3.10/mlp/dwconv/Reshape]},Row major linear FP32,Row major linear FP16 format,/model/block3.10/attn/q/MatMul_myl187_2,0,Reformatted Input Tensor 0 to {ForeignNode[onnx::MatMul_6082 + ONNXTRT_Broadcast_1921.../model/block3.10/mlp/dwconv/Transpose + /model/block3.10/mlp/dwconv/Reshape]},Half,1x484x320
93,/model/block3.10/attn/sr/Conv,0,/model/block3.10/attn/sr/Conv_output_0,Channel major FP16 format where channel % 8 == 0,Reformatting CopyNode for Input Tensor 1 to {ForeignNode[onnx::MatMul_6082 + ONNXTRT_Broadcast_1921.../model/block3.10/mlp/dwconv/Transpose + /model/block3.10/mlp/dwconv/Reshape]},Channel major FP16 format where channel % 8 == 0,Row major linear FP16 format,__myl_ReshTranMeanSubMulMeanAddSqrtDivMulMulAdd_myl187_0,0,Reformatted Input Tensor 1 to {ForeignNode[onnx::MatMul_6082 + ONNXTRT_Broadcast_1921.../model/block3.10/mlp/dwconv/Transpose + /model/block3.10/mlp/dwconv/Reshape]},Half,1x320x11x11
94,__myl_CastAddMeanSubMulMeanCast_myl182_2,0,/model/block3.9/Add_1_output_0,Float,Reformatting CopyNode for Input Tensor 2 to {ForeignNode[onnx::MatMul_6082 + ONNXTRT_Broadcast_1921.../model/block3.10/mlp/dwconv/Transpose + /model/block3.10/mlp/dwconv/Reshape]},Row major linear FP32,Row major linear FP16 format,__myl_FcAdd_myl187_5,0,Reformatted Input Tensor 2 to {ForeignNode[onnx::MatMul_6082 + ONNXTRT_Broadcast_1921.../model/block3.10/mlp/dwconv/Transpose + /model/block3.10/mlp/dwconv/Reshape]},Half,1x484x320
95,__myl_Add_myl187_8,0,/model/block3.10/mlp/dwconv/Reshape_output_0,Half,Reformatting CopyNode for Input Tensor 0 to /model/block3.10/mlp/dwconv/dwconv/Conv,Row major linear FP16 format,Channel major FP16 format where channel % 8 == 0,/model/block3.10/mlp/dwconv/dwconv/Conv,0,Reformatted Input Tensor 0 to /model/block3.10/mlp/dwconv/dwconv/Conv,Channel major FP16 format where channel % 8 == 0,1x1280x22x22
96,__myl_FcAdd_myl187_5,0,/model/block3.10/Add_output_0,Half,Reformatting CopyNode for Input Tensor 1 to {ForeignNode[model.rgb_encoder.block3.10.mlp.fc2.bias + ONNXTRT_Broadcast_2007.../model/block3.11/attn/Transpose_1 + /model/block3.11/attn/Reshape_1]},Row major linear FP16 format,Row major linear FP32,__myl_CastAddMeanSubMulMeanCast_myl191_2,1,Reformatted Input Tensor 1 to {ForeignNode[model.rgb_encoder.block3.10.mlp.fc2.bias + ONNXTRT_Broadcast_2007.../model/block3.11/attn/Transpose_1 + /model/block3.11/attn/Reshape_1]},Float,1x484x320
97,__myl_AddSqrtDivMulMulAddTranReshCast_myl191_3,1,/model/block3.11/norm1/Add_1_output_0,Float,Reformatting CopyNode for Input Tensor 0 to {ForeignNode[onnx::MatMul_6116 + ONNXTRT_Broadcast_2017.../model/block3.11/mlp/dwconv/Transpose + /model/block3.11/mlp/dwconv/Reshape]},Row major linear FP32,Row major linear FP16 format,/model/block3.11/attn/q/MatMul_myl196_2,0,Reformatted Input Tensor 0 to {ForeignNode[onnx::MatMul_6116 + ONNXTRT_Broadcast_2017.../model/block3.11/mlp/dwconv/Transpose + /model/block3.11/mlp/dwconv/Reshape]},Half,1x484x320
98,/model/block3.11/attn/sr/Conv,0,/model/block3.11/attn/sr/Conv_output_0,Channel major FP16 format where channel % 8 == 0,Reformatting CopyNode for Input Tensor 1 to {ForeignNode[onnx::MatMul_6116 + ONNXTRT_Broadcast_2017.../model/block3.11/mlp/dwconv/Transpose + /model/block3.11/mlp/dwconv/Reshape]},Channel major FP16 format where channel % 8 == 0,Row major linear FP16 format,__myl_ReshTranMeanSubMulMeanAddSqrtDivMulMulAdd_myl196_0,0,Reformatted Input Tensor 1 to {ForeignNode[onnx::MatMul_6116 + ONNXTRT_Broadcast_2017.../model/block3.11/mlp/dwconv/Transpose + /model/block3.11/mlp/dwconv/Reshape]},Half,1x320x11x11
99,__myl_CastAddMeanSubMulMeanCast_myl191_2,0,/model/block3.10/Add_1_output_0,Float,Reformatting CopyNode for Input Tensor 2 to {ForeignNode[onnx::MatMul_6116 + ONNXTRT_Broadcast_2017.../model/block3.11/mlp/dwconv/Transpose + /model/block3.11/mlp/dwconv/Reshape]},Row major linear FP32,Row major linear FP16 format,__myl_FcAdd_myl196_5,0,Reformatted Input Tensor 2 to {ForeignNode[onnx::MatMul_6116 + ONNXTRT_Broadcast_2017.../model/block3.11/mlp/dwconv/Transpose + /model/block3.11/mlp/dwconv/Reshape]},Half,1x484x320
100,__myl_Add_myl196_8,0,/model/block3.11/mlp/dwconv/Reshape_output_0,Half,Reformatting CopyNode for Input Tensor 0 to /model/block3.11/mlp/dwconv/dwconv/Conv,Row major linear FP16 format,Channel major FP16 format where channel % 8 == 0,/model/block3.11/mlp/dwconv/dwconv/Conv,0,Reformatted Input Tensor 0 to /model/block3.11/mlp/dwconv/dwconv/Conv,Channel major FP16 format where channel % 8 == 0,1x1280x22x22
101,__myl_FcAdd_myl196_5,0,/model/block3.11/Add_output_0,Half,Reformatting CopyNode for Input Tensor 1 to {ForeignNode[model.rgb_encoder.block3.11.mlp.fc2.bias + ONNXTRT_Broadcast_2103.../model/block3.12/attn/Transpose_1 + /model/block3.12/attn/Reshape_1]},Row major linear FP16 format,Row major linear FP32,__myl_CastAddMeanSubMulMeanCast_myl200_2,1,Reformatted Input Tensor 1 to {ForeignNode[model.rgb_encoder.block3.11.mlp.fc2.bias + ONNXTRT_Broadcast_2103.../model/block3.12/attn/Transpose_1 + /model/block3.12/attn/Reshape_1]},Float,1x484x320
102,__myl_AddSqrtDivMulMulAddTranReshCast_myl200_3,1,/model/block3.12/norm1/Add_1_output_0,Float,Reformatting CopyNode for Input Tensor 0 to {ForeignNode[onnx::MatMul_6150 + ONNXTRT_Broadcast_2113.../model/block3.12/mlp/dwconv/Transpose + /model/block3.12/mlp/dwconv/Reshape]},Row major linear FP32,Row major linear FP16 format,/model/block3.12/attn/q/MatMul_myl205_2,0,Reformatted Input Tensor 0 to {ForeignNode[onnx::MatMul_6150 + ONNXTRT_Broadcast_2113.../model/block3.12/mlp/dwconv/Transpose + /model/block3.12/mlp/dwconv/Reshape]},Half,1x484x320
103,/model/block3.12/attn/sr/Conv,0,/model/block3.12/attn/sr/Conv_output_0,Channel major FP16 format where channel % 8 == 0,Reformatting CopyNode for Input Tensor 1 to {ForeignNode[onnx::MatMul_6150 + ONNXTRT_Broadcast_2113.../model/block3.12/mlp/dwconv/Transpose + /model/block3.12/mlp/dwconv/Reshape]},Channel major FP16 format where channel % 8 == 0,Row major linear FP16 format,__myl_ReshTranMeanSubMulMeanAddSqrtDivMulMulAdd_myl205_0,0,Reformatted Input Tensor 1 to {ForeignNode[onnx::MatMul_6150 + ONNXTRT_Broadcast_2113.../model/block3.12/mlp/dwconv/Transpose + /model/block3.12/mlp/dwconv/Reshape]},Half,1x320x11x11
104,__myl_CastAddMeanSubMulMeanCast_myl200_2,0,/model/block3.11/Add_1_output_0,Float,Reformatting CopyNode for Input Tensor 2 to {ForeignNode[onnx::MatMul_6150 + ONNXTRT_Broadcast_2113.../model/block3.12/mlp/dwconv/Transpose + /model/block3.12/mlp/dwconv/Reshape]},Row major linear FP32,Row major linear FP16 format,__myl_FcAdd_myl205_5,0,Reformatted Input Tensor 2 to {ForeignNode[onnx::MatMul_6150 + ONNXTRT_Broadcast_2113.../model/block3.12/mlp/dwconv/Transpose + /model/block3.12/mlp/dwconv/Reshape]},Half,1x484x320
105,__myl_Add_myl205_8,0,/model/block3.12/mlp/dwconv/Reshape_output_0,Half,Reformatting CopyNode for Input Tensor 0 to /model/block3.12/mlp/dwconv/dwconv/Conv,Row major linear FP16 format,Channel major FP16 format where channel % 8 == 0,/model/block3.12/mlp/dwconv/dwconv/Conv,0,Reformatted Input Tensor 0 to /model/block3.12/mlp/dwconv/dwconv/Conv,Channel major FP16 format where channel % 8 == 0,1x1280x22x22
106,__myl_FcAdd_myl205_5,0,/model/block3.12/Add_output_0,Half,Reformatting CopyNode for Input Tensor 1 to {ForeignNode[model.rgb_encoder.block3.12.mlp.fc2.bias + ONNXTRT_Broadcast_2199.../model/block3.13/attn/Transpose_1 + /model/block3.13/attn/Reshape_1]},Row major linear FP16 format,Row major linear FP32,__myl_CastAddMeanSubMulMeanCast_myl209_2,1,Reformatted Input Tensor 1 to {ForeignNode[model.rgb_encoder.block3.12.mlp.fc2.bias + ONNXTRT_Broadcast_2199.../model/block3.13/attn/Transpose_1 + /model/block3.13/attn/Reshape_1]},Float,1x484x320
107,__myl_AddSqrtDivMulMulAddTranReshCast_myl209_3,1,/model/block3.13/norm1/Add_1_output_0,Float,Reformatting CopyNode for Input Tensor 0 to {ForeignNode[onnx::MatMul_6184 + ONNXTRT_Broadcast_2209.../model/block3.13/mlp/dwconv/Transpose + /model/block3.13/mlp/dwconv/Reshape]},Row major linear FP32,Row major linear FP16 format,/model/block3.13/attn/q/MatMul_myl214_2,0,Reformatted Input Tensor 0 to {ForeignNode[onnx::MatMul_6184 + ONNXTRT_Broadcast_2209.../model/block3.13/mlp/dwconv/Transpose + /model/block3.13/mlp/dwconv/Reshape]},Half,1x484x320
108,/model/block3.13/attn/sr/Conv,0,/model/block3.13/attn/sr/Conv_output_0,Channel major FP16 format where channel % 8 == 0,Reformatting CopyNode for Input Tensor 1 to {ForeignNode[onnx::MatMul_6184 + ONNXTRT_Broadcast_2209.../model/block3.13/mlp/dwconv/Transpose + /model/block3.13/mlp/dwconv/Reshape]},Channel major FP16 format where channel % 8 == 0,Row major linear FP16 format,__myl_ReshTranMeanSubMulMeanAddSqrtDivMulMulAdd_myl214_0,0,Reformatted Input Tensor 1 to {ForeignNode[onnx::MatMul_6184 + ONNXTRT_Broadcast_2209.../model/block3.13/mlp/dwconv/Transpose + /model/block3.13/mlp/dwconv/Reshape]},Half,1x320x11x11
109,__myl_CastAddMeanSubMulMeanCast_myl209_2,0,/model/block3.12/Add_1_output_0,Float,Reformatting CopyNode for Input Tensor 2 to {ForeignNode[onnx::MatMul_6184 + ONNXTRT_Broadcast_2209.../model/block3.13/mlp/dwconv/Transpose + /model/block3.13/mlp/dwconv/Reshape]},Row major linear FP32,Row major linear FP16 format,__myl_FcAdd_myl214_5,0,Reformatted Input Tensor 2 to {ForeignNode[onnx::MatMul_6184 + ONNXTRT_Broadcast_2209.../model/block3.13/mlp/dwconv/Transpose + /model/block3.13/mlp/dwconv/Reshape]},Half,1x484x320
110,__myl_Add_myl214_8,0,/model/block3.13/mlp/dwconv/Reshape_output_0,Half,Reformatting CopyNode for Input Tensor 0 to /model/block3.13/mlp/dwconv/dwconv/Conv,Row major linear FP16 format,Channel major FP16 format where channel % 8 == 0,/model/block3.13/mlp/dwconv/dwconv/Conv,0,Reformatted Input Tensor 0 to /model/block3.13/mlp/dwconv/dwconv/Conv,Channel major FP16 format where channel % 8 == 0,1x1280x22x22
111,__myl_FcAdd_myl214_5,0,/model/block3.13/Add_output_0,Half,Reformatting CopyNode for Input Tensor 1 to {ForeignNode[model.rgb_encoder.block3.13.mlp.fc2.bias + ONNXTRT_Broadcast_2295.../model/block3.14/attn/Transpose_1 + /model/block3.14/attn/Reshape_1]},Row major linear FP16 format,Row major linear FP32,__myl_CastAddMeanSubMulMeanCast_myl218_2,1,Reformatted Input Tensor 1 to {ForeignNode[model.rgb_encoder.block3.13.mlp.fc2.bias + ONNXTRT_Broadcast_2295.../model/block3.14/attn/Transpose_1 + /model/block3.14/attn/Reshape_1]},Float,1x484x320
112,__myl_AddSqrtDivMulMulAddTranReshCast_myl218_3,1,/model/block3.14/norm1/Add_1_output_0,Float,Reformatting CopyNode for Input Tensor 0 to {ForeignNode[onnx::MatMul_6218 + ONNXTRT_Broadcast_2305.../model/block3.14/mlp/dwconv/Transpose + /model/block3.14/mlp/dwconv/Reshape]},Row major linear FP32,Row major linear FP16 format,/model/block3.14/attn/q/MatMul_myl223_2,0,Reformatted Input Tensor 0 to {ForeignNode[onnx::MatMul_6218 + ONNXTRT_Broadcast_2305.../model/block3.14/mlp/dwconv/Transpose + /model/block3.14/mlp/dwconv/Reshape]},Half,1x484x320
113,/model/block3.14/attn/sr/Conv,0,/model/block3.14/attn/sr/Conv_output_0,Channel major FP16 format where channel % 8 == 0,Reformatting CopyNode for Input Tensor 1 to {ForeignNode[onnx::MatMul_6218 + ONNXTRT_Broadcast_2305.../model/block3.14/mlp/dwconv/Transpose + /model/block3.14/mlp/dwconv/Reshape]},Channel major FP16 format where channel % 8 == 0,Row major linear FP16 format,__myl_ReshTranMeanSubMulMeanAddSqrtDivMulMulAdd_myl223_0,0,Reformatted Input Tensor 1 to {ForeignNode[onnx::MatMul_6218 + ONNXTRT_Broadcast_2305.../model/block3.14/mlp/dwconv/Transpose + /model/block3.14/mlp/dwconv/Reshape]},Half,1x320x11x11
114,__myl_CastAddMeanSubMulMeanCast_myl218_2,0,/model/block3.13/Add_1_output_0,Float,Reformatting CopyNode for Input Tensor 2 to {ForeignNode[onnx::MatMul_6218 + ONNXTRT_Broadcast_2305.../model/block3.14/mlp/dwconv/Transpose + /model/block3.14/mlp/dwconv/Reshape]},Row major linear FP32,Row major linear FP16 format,__myl_FcAdd_myl223_5,0,Reformatted Input Tensor 2 to {ForeignNode[onnx::MatMul_6218 + ONNXTRT_Broadcast_2305.../model/block3.14/mlp/dwconv/Transpose + /model/block3.14/mlp/dwconv/Reshape]},Half,1x484x320
115,__myl_Add_myl223_8,0,/model/block3.14/mlp/dwconv/Reshape_output_0,Half,Reformatting CopyNode for Input Tensor 0 to /model/block3.14/mlp/dwconv/dwconv/Conv,Row major linear FP16 format,Channel major FP16 format where channel % 8 == 0,/model/block3.14/mlp/dwconv/dwconv/Conv,0,Reformatted Input Tensor 0 to /model/block3.14/mlp/dwconv/dwconv/Conv,Channel major FP16 format where channel % 8 == 0,1x1280x22x22
116,__myl_FcAdd_myl223_5,0,/model/block3.14/Add_output_0,Half,Reformatting CopyNode for Input Tensor 1 to {ForeignNode[model.rgb_encoder.block3.14.mlp.fc2.bias + ONNXTRT_Broadcast_2391.../model/block3.15/attn/Transpose_1 + /model/block3.15/attn/Reshape_1]},Row major linear FP16 format,Row major linear FP32,__myl_CastAddMeanSubMulMeanCast_myl227_2,1,Reformatted Input Tensor 1 to {ForeignNode[model.rgb_encoder.block3.14.mlp.fc2.bias + ONNXTRT_Broadcast_2391.../model/block3.15/attn/Transpose_1 + /model/block3.15/attn/Reshape_1]},Float,1x484x320
117,__myl_AddSqrtDivMulMulAddTranReshCast_myl227_3,1,/model/block3.15/norm1/Add_1_output_0,Float,Reformatting CopyNode for Input Tensor 0 to {ForeignNode[onnx::MatMul_6252 + ONNXTRT_Broadcast_2401.../model/block3.15/mlp/dwconv/Transpose + /model/block3.15/mlp/dwconv/Reshape]},Row major linear FP32,Row major linear FP16 format,/model/block3.15/attn/q/MatMul_myl232_2,0,Reformatted Input Tensor 0 to {ForeignNode[onnx::MatMul_6252 + ONNXTRT_Broadcast_2401.../model/block3.15/mlp/dwconv/Transpose + /model/block3.15/mlp/dwconv/Reshape]},Half,1x484x320
118,/model/block3.15/attn/sr/Conv,0,/model/block3.15/attn/sr/Conv_output_0,Channel major FP16 format where channel % 8 == 0,Reformatting CopyNode for Input Tensor 1 to {ForeignNode[onnx::MatMul_6252 + ONNXTRT_Broadcast_2401.../model/block3.15/mlp/dwconv/Transpose + /model/block3.15/mlp/dwconv/Reshape]},Channel major FP16 format where channel % 8 == 0,Row major linear FP16 format,__myl_ReshTranMeanSubMulMeanAddSqrtDivMulMulAdd_myl232_0,0,Reformatted Input Tensor 1 to {ForeignNode[onnx::MatMul_6252 + ONNXTRT_Broadcast_2401.../model/block3.15/mlp/dwconv/Transpose + /model/block3.15/mlp/dwconv/Reshape]},Half,1x320x11x11
119,__myl_CastAddMeanSubMulMeanCast_myl227_2,0,/model/block3.14/Add_1_output_0,Float,Reformatting CopyNode for Input Tensor 2 to {ForeignNode[onnx::MatMul_6252 + ONNXTRT_Broadcast_2401.../model/block3.15/mlp/dwconv/Transpose + /model/block3.15/mlp/dwconv/Reshape]},Row major linear FP32,Row major linear FP16 format,__myl_FcAdd_myl232_5,0,Reformatted Input Tensor 2 to {ForeignNode[onnx::MatMul_6252 + ONNXTRT_Broadcast_2401.../model/block3.15/mlp/dwconv/Transpose + /model/block3.15/mlp/dwconv/Reshape]},Half,1x484x320
120,__myl_Add_myl232_8,0,/model/block3.15/mlp/dwconv/Reshape_output_0,Half,Reformatting CopyNode for Input Tensor 0 to /model/block3.15/mlp/dwconv/dwconv/Conv,Row major linear FP16 format,Channel major FP16 format where channel % 8 == 0,/model/block3.15/mlp/dwconv/dwconv/Conv,0,Reformatted Input Tensor 0 to /model/block3.15/mlp/dwconv/dwconv/Conv,Channel major FP16 format where channel % 8 == 0,1x1280x22x22
121,__myl_FcAdd_myl232_5,0,/model/block3.15/Add_output_0,Half,Reformatting CopyNode for Input Tensor 1 to {ForeignNode[model.rgb_encoder.block3.15.mlp.fc2.bias + ONNXTRT_Broadcast_2487.../model/block3.16/attn/Transpose_1 + /model/block3.16/attn/Reshape_1]},Row major linear FP16 format,Row major linear FP32,__myl_CastAddMeanSubMulMeanCast_myl236_2,1,Reformatted Input Tensor 1 to {ForeignNode[model.rgb_encoder.block3.15.mlp.fc2.bias + ONNXTRT_Broadcast_2487.../model/block3.16/attn/Transpose_1 + /model/block3.16/attn/Reshape_1]},Float,1x484x320
122,__myl_AddSqrtDivMulMulAddTranReshCast_myl236_3,1,/model/block3.16/norm1/Add_1_output_0,Float,Reformatting CopyNode for Input Tensor 0 to {ForeignNode[onnx::MatMul_6286 + ONNXTRT_Broadcast_2497.../model/block3.16/mlp/dwconv/Transpose + /model/block3.16/mlp/dwconv/Reshape]},Row major linear FP32,Row major linear FP16 format,/model/block3.16/attn/q/MatMul_myl241_2,0,Reformatted Input Tensor 0 to {ForeignNode[onnx::MatMul_6286 + ONNXTRT_Broadcast_2497.../model/block3.16/mlp/dwconv/Transpose + /model/block3.16/mlp/dwconv/Reshape]},Half,1x484x320
123,/model/block3.16/attn/sr/Conv,0,/model/block3.16/attn/sr/Conv_output_0,Channel major FP16 format where channel % 8 == 0,Reformatting CopyNode for Input Tensor 1 to {ForeignNode[onnx::MatMul_6286 + ONNXTRT_Broadcast_2497.../model/block3.16/mlp/dwconv/Transpose + /model/block3.16/mlp/dwconv/Reshape]},Channel major FP16 format where channel % 8 == 0,Row major linear FP16 format,__myl_ReshTranMeanSubMulMeanAddSqrtDivMulMulAdd_myl241_0,0,Reformatted Input Tensor 1 to {ForeignNode[onnx::MatMul_6286 + ONNXTRT_Broadcast_2497.../model/block3.16/mlp/dwconv/Transpose + /model/block3.16/mlp/dwconv/Reshape]},Half,1x320x11x11
124,__myl_CastAddMeanSubMulMeanCast_myl236_2,0,/model/block3.15/Add_1_output_0,Float,Reformatting CopyNode for Input Tensor 2 to {ForeignNode[onnx::MatMul_6286 + ONNXTRT_Broadcast_2497.../model/block3.16/mlp/dwconv/Transpose + /model/block3.16/mlp/dwconv/Reshape]},Row major linear FP32,Row major linear FP16 format,__myl_FcAdd_myl241_5,0,Reformatted Input Tensor 2 to {ForeignNode[onnx::MatMul_6286 + ONNXTRT_Broadcast_2497.../model/block3.16/mlp/dwconv/Transpose + /model/block3.16/mlp/dwconv/Reshape]},Half,1x484x320
125,__myl_Add_myl241_8,0,/model/block3.16/mlp/dwconv/Reshape_output_0,Half,Reformatting CopyNode for Input Tensor 0 to /model/block3.16/mlp/dwconv/dwconv/Conv,Row major linear FP16 format,Channel major FP16 format where channel % 8 == 0,/model/block3.16/mlp/dwconv/dwconv/Conv,0,Reformatted Input Tensor 0 to /model/block3.16/mlp/dwconv/dwconv/Conv,Channel major FP16 format where channel % 8 == 0,1x1280x22x22
126,__myl_FcAdd_myl241_5,0,/model/block3.16/Add_output_0,Half,Reformatting CopyNode for Input Tensor 1 to {ForeignNode[model.rgb_encoder.block3.16.mlp.fc2.bias + ONNXTRT_Broadcast_2583.../model/block3.17/attn/Transpose_1 + /model/block3.17/attn/Reshape_1]},Row major linear FP16 format,Row major linear FP32,__myl_CastAddMeanSubMulMeanCast_myl245_2,1,Reformatted Input Tensor 1 to {ForeignNode[model.rgb_encoder.block3.16.mlp.fc2.bias + ONNXTRT_Broadcast_2583.../model/block3.17/attn/Transpose_1 + /model/block3.17/attn/Reshape_1]},Float,1x484x320
127,__myl_AddSqrtDivMulMulAddTranReshCast_myl245_3,1,/model/block3.17/norm1/Add_1_output_0,Float,Reformatting CopyNode for Input Tensor 0 to {ForeignNode[onnx::MatMul_6320 + ONNXTRT_Broadcast_2593.../model/block3.17/mlp/dwconv/Transpose + /model/block3.17/mlp/dwconv/Reshape]},Row major linear FP32,Row major linear FP16 format,/model/block3.17/attn/q/MatMul_myl250_2,0,Reformatted Input Tensor 0 to {ForeignNode[onnx::MatMul_6320 + ONNXTRT_Broadcast_2593.../model/block3.17/mlp/dwconv/Transpose + /model/block3.17/mlp/dwconv/Reshape]},Half,1x484x320
128,/model/block3.17/attn/sr/Conv,0,/model/block3.17/attn/sr/Conv_output_0,Channel major FP16 format where channel % 8 == 0,Reformatting CopyNode for Input Tensor 1 to {ForeignNode[onnx::MatMul_6320 + ONNXTRT_Broadcast_2593.../model/block3.17/mlp/dwconv/Transpose + /model/block3.17/mlp/dwconv/Reshape]},Channel major FP16 format where channel % 8 == 0,Row major linear FP16 format,__myl_ReshTranMeanSubMulMeanAddSqrtDivMulMulAdd_myl250_0,0,Reformatted Input Tensor 1 to {ForeignNode[onnx::MatMul_6320 + ONNXTRT_Broadcast_2593.../model/block3.17/mlp/dwconv/Transpose + /model/block3.17/mlp/dwconv/Reshape]},Half,1x320x11x11
129,__myl_CastAddMeanSubMulMeanCast_myl245_2,0,/model/block3.16/Add_1_output_0,Float,Reformatting CopyNode for Input Tensor 2 to {ForeignNode[onnx::MatMul_6320 + ONNXTRT_Broadcast_2593.../model/block3.17/mlp/dwconv/Transpose + /model/block3.17/mlp/dwconv/Reshape]},Row major linear FP32,Row major linear FP16 format,__myl_FcAdd_myl250_5,0,Reformatted Input Tensor 2 to {ForeignNode[onnx::MatMul_6320 + ONNXTRT_Broadcast_2593.../model/block3.17/mlp/dwconv/Transpose + /model/block3.17/mlp/dwconv/Reshape]},Half,1x484x320
130,__myl_Add_myl250_8,0,/model/block3.17/mlp/dwconv/Reshape_output_0,Half,Reformatting CopyNode for Input Tensor 0 to /model/block3.17/mlp/dwconv/dwconv/Conv,Row major linear FP16 format,Channel major FP16 format where channel % 8 == 0,/model/block3.17/mlp/dwconv/dwconv/Conv,0,Reformatted Input Tensor 0 to /model/block3.17/mlp/dwconv/dwconv/Conv,Channel major FP16 format where channel % 8 == 0,1x1280x22x22
131,__myl_FcAdd_myl250_5,0,/model/block3.17/Add_output_0,Half,Reformatting CopyNode for Input Tensor 1 to {ForeignNode[model.rgb_encoder.block3.17.mlp.fc2.bias + ONNXTRT_Broadcast_2679.../model/Reshape_2 + /model/Transpose_2]},Row major linear FP16 format,Row major linear FP32,__myl_CastAddMeanSubMulMean_myl254_2,1,Reformatted Input Tensor 1 to {ForeignNode[model.rgb_encoder.block3.17.mlp.fc2.bias + ONNXTRT_Broadcast_2679.../model/Reshape_2 + /model/Transpose_2]},Float,1x484x320
132,__myl_AddSqrtDivMulMulAddReshTran_myl254_3,0,Reformatted Output Tensor 0 to {ForeignNode[model.rgb_encoder.block3.17.mlp.fc2.bias + ONNXTRT_Broadcast_2679.../model/Reshape_2 + /model/Transpose_2]},Half,Reformatting CopyNode for Output Tensor 0 to {ForeignNode[model.rgb_encoder.block3.17.mlp.fc2.bias + ONNXTRT_Broadcast_2679.../model/Reshape_2 + /model/Transpose_2]},Channel major FP16 format where channel % 8 == 0,Thirty-two wide channel vectorized row major Int8 format,/model/patch_embed4/proj/Conv,0,/model/Transpose_2_output_0,Thirty-two wide channel vectorized row major Int8 format,1x320x22x22
132,__myl_AddSqrtDivMulMulAddReshTran_myl254_3,0,Reformatted Output Tensor 0 to {ForeignNode[model.rgb_encoder.block3.17.mlp.fc2.bias + ONNXTRT_Broadcast_2679.../model/Reshape_2 + /model/Transpose_2]},Half,Reformatting CopyNode for Output Tensor 0 to {ForeignNode[model.rgb_encoder.block3.17.mlp.fc2.bias + ONNXTRT_Broadcast_2679.../model/Reshape_2 + /model/Transpose_2]},Channel major FP16 format where channel % 8 == 0,Thirty-two wide channel vectorized row major Int8 format,"/model/decoder/FEM3/conv1/Conv + PWN(onnx::PRelu_6453 + ONNXTRT_Broadcast_3008, PWN(/model/decoder/FEM3/prelu/PRelu))",0,/model/Transpose_2_output_0,Thirty-two wide channel vectorized row major Int8 format,1x320x22x22
132,__myl_AddSqrtDivMulMulAddReshTran_myl254_3,0,Reformatted Output Tensor 0 to {ForeignNode[model.rgb_encoder.block3.17.mlp.fc2.bias + ONNXTRT_Broadcast_2679.../model/Reshape_2 + /model/Transpose_2]},Half,Reformatting CopyNode for Output Tensor 0 to {ForeignNode[model.rgb_encoder.block3.17.mlp.fc2.bias + ONNXTRT_Broadcast_2679.../model/Reshape_2 + /model/Transpose_2]},Channel major FP16 format where channel % 8 == 0,Thirty-two wide channel vectorized row major Int8 format,Reformatting CopyNode for Input Tensor 1 to PWN(/model/decoder/FEM3/Add),0,/model/Transpose_2_output_0,Thirty-two wide channel vectorized row major Int8 format,1x320x22x22
132,__myl_AddSqrtDivMulMulAddReshTran_myl254_3,0,Reformatted Output Tensor 0 to {ForeignNode[model.rgb_encoder.block3.17.mlp.fc2.bias + ONNXTRT_Broadcast_2679.../model/Reshape_2 + /model/Transpose_2]},Half,Reformatting CopyNode for Output Tensor 0 to {ForeignNode[model.rgb_encoder.block3.17.mlp.fc2.bias + ONNXTRT_Broadcast_2679.../model/Reshape_2 + /model/Transpose_2]},Channel major FP16 format where channel % 8 == 0,Thirty-two wide channel vectorized row major Int8 format,/model/decoder/FEM3/conv3/Conv + /model/decoder/FEM3/Add_1,1,/model/Transpose_2_output_0,Thirty-two wide channel vectorized row major Int8 format,1x320x22x22
133,/model/patch_embed4/proj/Conv,0,/model/patch_embed4/proj/Conv_output_0,Thirty-two wide channel vectorized row major Int8 format,Reformatting CopyNode for Input Tensor 0 to {ForeignNode[/model/patch_embed4/Reshape + /model/patch_embed4/Transpose.../model/block4.0/mlp/dwconv/Transpose + /model/block4.0/mlp/dwconv/Reshape]},Thirty-two wide channel vectorized row major Int8 format,Channel major FP16 format where channel % 8 == 0,__myl_ReshTranMeanSubMulMeanAddSqrtDivMulMulAddMeanSubMulMeanAddSqrtDivMulMulAdd_myl258_0,0,Reformatted Input Tensor 0 to {ForeignNode[/model/patch_embed4/Reshape + /model/patch_embed4/Transpose.../model/block4.0/mlp/dwconv/Transpose + /model/block4.0/mlp/dwconv/Reshape]},Half,1x512x11x11
134,"/model/decoder/FEM1/conv1/Conv + PWN(onnx::PRelu_6481 + ONNXTRT_Broadcast_3024, PWN(/model/decoder/FEM1/prelu/PRelu))",0,/model/decoder/FEM1/prelu/PRelu_output_0,Thirty-two wide channel vectorized row major Int8 format,Reformatting CopyNode for Input Tensor 0 to /model/decoder/FEM1/Reshape + /model/decoder/FEM1/Transpose,Thirty-two wide channel vectorized row major Int8 format,Row major linear FP16 format,/model/decoder/FEM1/Reshape + /model/decoder/FEM1/Transpose,0,Reformatted Input Tensor 0 to /model/decoder/FEM1/Reshape + /model/decoder/FEM1/Transpose,Row major linear FP16 format,1x64x88x88
135,/model/decoder/FEM1/Reshape_1,0,/model/decoder/FEM1/Reshape_1_output_0,Row major linear FP16 format,Reformatting CopyNode for Input Tensor 0 to PWN(/model/decoder/FEM1/Add),Row major linear FP16 format,Thirty-two wide channel vectorized row major Int8 format,PWN(/model/decoder/FEM1/Add),0,Reformatted Input Tensor 0 to PWN(/model/decoder/FEM1/Add),Thirty-two wide channel vectorized row major Int8 format,1x64x88x88
136,/model/decoder/FEM1/cbam/ca/avg_pool/GlobalAveragePool,0,/model/decoder/FEM1/cbam/ca/avg_pool/GlobalAveragePool_output_0,Thirty-two wide channel vectorized row major Int8 format,Reformatting CopyNode for Input Tensor 0 to /model/decoder/FEM1/cbam/ca/fc1/Conv + /model/decoder/FEM1/cbam/ca/relu1/Relu,Thirty-two wide channel vectorized row major Int8 format,Channel major FP16 format where channel % 8 == 0,/model/decoder/FEM1/cbam/ca/fc1/Conv + /model/decoder/FEM1/cbam/ca/relu1/Relu,0,Reformatted Input Tensor 0 to /model/decoder/FEM1/cbam/ca/fc1/Conv + /model/decoder/FEM1/cbam/ca/relu1/Relu,Channel major FP16 format where channel % 8 == 0,1x64x1x1
137,PWN(/model/decoder/FEM1/Add),0,/model/decoder/FEM1/Add_output_0,Thirty-two wide channel vectorized row major Int8 format,Reformatting CopyNode for Input Tensor 0 to /model/decoder/FEM1/cbam/ca/max_pool/MaxPool,Thirty-two wide channel vectorized row major Int8 format,Channel major FP16 format where channel % 8 == 0,/model/decoder/FEM1/cbam/ca/max_pool/MaxPool,0,Reformatted Input Tensor 0 to /model/decoder/FEM1/cbam/ca/max_pool/MaxPool,Channel major FP16 format where channel % 8 == 0,1x64x88x88
138,/model/decoder/FEM1/cbam/ca/fc2_1/Conv + /model/decoder/FEM1/cbam/ca/Add,0,/model/decoder/FEM1/cbam/ca/Add_output_0,Channel major FP16 format where channel % 8 == 0,"Reformatting CopyNode for Input Tensor 0 to PWN(PWN(/model/decoder/FEM1/cbam/ca/sigmoid/Sigmoid), PWN(/model/decoder/FEM1/cbam/Mul))",Channel major FP16 format where channel % 8 == 0,Thirty-two wide channel vectorized row major Int8 format,"PWN(PWN(/model/decoder/FEM1/cbam/ca/sigmoid/Sigmoid), PWN(/model/decoder/FEM1/cbam/Mul))",0,"Reformatted Input Tensor 0 to PWN(PWN(/model/decoder/FEM1/cbam/ca/sigmoid/Sigmoid), PWN(/model/decoder/FEM1/cbam/Mul))",Thirty-two wide channel vectorized row major Int8 format,1x64x1x1
139,"PWN(PWN(/model/decoder/FEM1/cbam/ca/sigmoid/Sigmoid), PWN(/model/decoder/FEM1/cbam/Mul))",0,"Reformatted Output Tensor 0 to PWN(PWN(/model/decoder/FEM1/cbam/ca/sigmoid/Sigmoid), PWN(/model/decoder/FEM1/cbam/Mul))",Thirty-two wide channel vectorized row major Int8 format,"Reformatting CopyNode for Output Tensor 0 to PWN(PWN(/model/decoder/FEM1/cbam/ca/sigmoid/Sigmoid), PWN(/model/decoder/FEM1/cbam/Mul))",Thirty-two wide channel vectorized row major Int8 format,Row major linear FP16 format,/model/decoder/FEM1/cbam/sa/ReduceMean,0,/model/decoder/FEM1/cbam/Mul_output_0,Row major linear FP16 format,1x64x88x88
139,"PWN(PWN(/model/decoder/FEM1/cbam/ca/sigmoid/Sigmoid), PWN(/model/decoder/FEM1/cbam/Mul))",0,"Reformatted Output Tensor 0 to PWN(PWN(/model/decoder/FEM1/cbam/ca/sigmoid/Sigmoid), PWN(/model/decoder/FEM1/cbam/Mul))",Thirty-two wide channel vectorized row major Int8 format,"Reformatting CopyNode for Output Tensor 0 to PWN(PWN(/model/decoder/FEM1/cbam/ca/sigmoid/Sigmoid), PWN(/model/decoder/FEM1/cbam/Mul))",Thirty-two wide channel vectorized row major Int8 format,Row major linear FP16 format,/model/decoder/FEM1/cbam/sa/ReduceMax,0,/model/decoder/FEM1/cbam/Mul_output_0,Row major linear FP16 format,1x64x88x88
139,"PWN(PWN(/model/decoder/FEM1/cbam/ca/sigmoid/Sigmoid), PWN(/model/decoder/FEM1/cbam/Mul))",0,"Reformatted Output Tensor 0 to PWN(PWN(/model/decoder/FEM1/cbam/ca/sigmoid/Sigmoid), PWN(/model/decoder/FEM1/cbam/Mul))",Thirty-two wide channel vectorized row major Int8 format,"Reformatting CopyNode for Output Tensor 0 to PWN(PWN(/model/decoder/FEM1/cbam/ca/sigmoid/Sigmoid), PWN(/model/decoder/FEM1/cbam/Mul))",Thirty-two wide channel vectorized row major Int8 format,Row major linear FP16 format,"Reformatting CopyNode for Input Tensor 1 to PWN(PWN(/model/decoder/FEM1/cbam/sa/sigmoid/Sigmoid), PWN(/model/decoder/FEM1/cbam/Mul_1))",0,/model/decoder/FEM1/cbam/Mul_output_0,Row major linear FP16 format,1x64x88x88
140,/model/decoder/FEM1/cbam/sa/ReduceMean_output_0 copy,0,/model/decoder/FEM1/cbam/sa/Concat_output_0,Row major linear FP32,Reformatting CopyNode for Input Tensor 0 to /model/decoder/FEM1/cbam/sa/conv1/Conv,Row major linear FP32,Four wide channel vectorized row major Int8 format,/model/decoder/FEM1/cbam/sa/conv1/Conv,0,Reformatted Input Tensor 0 to /model/decoder/FEM1/cbam/sa/conv1/Conv,Four wide channel vectorized row major Int8 format,1x2x88x88
140,/model/decoder/FEM1/cbam/sa/ReduceMax_output_0 copy,0,/model/decoder/FEM1/cbam/sa/Concat_output_0,Row major linear FP32,Reformatting CopyNode for Input Tensor 0 to /model/decoder/FEM1/cbam/sa/conv1/Conv,Row major linear FP32,Four wide channel vectorized row major Int8 format,/model/decoder/FEM1/cbam/sa/conv1/Conv,0,Reformatted Input Tensor 0 to /model/decoder/FEM1/cbam/sa/conv1/Conv,Four wide channel vectorized row major Int8 format,1x2x88x88
141,"Reformatting CopyNode for Output Tensor 0 to PWN(PWN(/model/decoder/FEM1/cbam/ca/sigmoid/Sigmoid), PWN(/model/decoder/FEM1/cbam/Mul))",0,/model/decoder/FEM1/cbam/Mul_output_0,Row major linear FP16 format,"Reformatting CopyNode for Input Tensor 1 to PWN(PWN(/model/decoder/FEM1/cbam/sa/sigmoid/Sigmoid), PWN(/model/decoder/FEM1/cbam/Mul_1))",Row major linear FP16 format,Thirty-two wide channel vectorized row major Int8 format,"PWN(PWN(/model/decoder/FEM1/cbam/sa/sigmoid/Sigmoid), PWN(/model/decoder/FEM1/cbam/Mul_1))",1,"Reformatted Input Tensor 1 to PWN(PWN(/model/decoder/FEM1/cbam/sa/sigmoid/Sigmoid), PWN(/model/decoder/FEM1/cbam/Mul_1))",Thirty-two wide channel vectorized row major Int8 format,1x64x88x88
142,ONNXTRT_Broadcast_3028,0,(Unnamed Layer* 4799) [Shuffle]_output,Row major linear FP32,Reformatting CopyNode for Input Tensor 1 to PWN(/model/decoder/FEM1/prelu_1/PRelu),Row major linear FP32,Thirty-two wide channel vectorized row major Int8 format,PWN(/model/decoder/FEM1/prelu_1/PRelu),1,Reformatted Input Tensor 1 to PWN(/model/decoder/FEM1/prelu_1/PRelu),Thirty-two wide channel vectorized row major Int8 format,1x1x1x1
143,/model/decoder/FEM2/Reshape_1,0,/model/decoder/FEM2/Reshape_1_output_0,Row major linear FP16 format,Reformatting CopyNode for Input Tensor 0 to PWN(/model/decoder/FEM2/Add),Row major linear FP16 format,Channel major FP16 format where channel % 16 == 0,PWN(/model/decoder/FEM2/Add),0,Reformatted Input Tensor 0 to PWN(/model/decoder/FEM2/Add),Channel major FP16 format where channel % 16 == 0,1x128x44x44
144,__myl_AddSqrtDivMulMulAddReshTran_myl90_3,0,/model/Transpose_1_output_0,Half,Reformatting CopyNode for Input Tensor 1 to PWN(/model/decoder/FEM2/Add),Channel major FP16 format where channel % 8 == 0,Channel major FP16 format where channel % 16 == 0,PWN(/model/decoder/FEM2/Add),1,Reformatted Input Tensor 1 to PWN(/model/decoder/FEM2/Add),Channel major FP16 format where channel % 16 == 0,1x128x44x44
145,PWN(/model/decoder/FEM2/Add),0,Reformatted Output Tensor 0 to PWN(/model/decoder/FEM2/Add),Channel major FP16 format where channel % 16 == 0,Reformatting CopyNode for Output Tensor 0 to PWN(/model/decoder/FEM2/Add),Channel major FP16 format where channel % 16 == 0,Channel major FP16 format where channel % 8 == 0,/model/decoder/FEM2/cbam/ca/avg_pool/GlobalAveragePool,0,/model/decoder/FEM2/Add_output_0,Channel major FP16 format where channel % 8 == 0,1x128x44x44
145,PWN(/model/decoder/FEM2/Add),0,Reformatted Output Tensor 0 to PWN(/model/decoder/FEM2/Add),Channel major FP16 format where channel % 16 == 0,Reformatting CopyNode for Output Tensor 0 to PWN(/model/decoder/FEM2/Add),Channel major FP16 format where channel % 16 == 0,Channel major FP16 format where channel % 8 == 0,/model/decoder/FEM2/cbam/ca/max_pool/MaxPool,0,/model/decoder/FEM2/Add_output_0,Channel major FP16 format where channel % 8 == 0,1x128x44x44
145,PWN(/model/decoder/FEM2/Add),0,Reformatted Output Tensor 0 to PWN(/model/decoder/FEM2/Add),Channel major FP16 format where channel % 16 == 0,Reformatting CopyNode for Output Tensor 0 to PWN(/model/decoder/FEM2/Add),Channel major FP16 format where channel % 16 == 0,Channel major FP16 format where channel % 8 == 0,"PWN(PWN(/model/decoder/FEM2/cbam/ca/sigmoid/Sigmoid), PWN(/model/decoder/FEM2/cbam/Mul))",1,/model/decoder/FEM2/Add_output_0,Channel major FP16 format where channel % 8 == 0,1x128x44x44
146,"PWN(PWN(/model/decoder/FEM2/cbam/ca/sigmoid/Sigmoid), PWN(/model/decoder/FEM2/cbam/Mul))",0,"Reformatted Output Tensor 0 to PWN(PWN(/model/decoder/FEM2/cbam/ca/sigmoid/Sigmoid), PWN(/model/decoder/FEM2/cbam/Mul))",Channel major FP16 format where channel % 8 == 0,"Reformatting CopyNode for Output Tensor 0 to PWN(PWN(/model/decoder/FEM2/cbam/ca/sigmoid/Sigmoid), PWN(/model/decoder/FEM2/cbam/Mul))",Channel major FP16 format where channel % 8 == 0,Row major linear FP16 format,/model/decoder/FEM2/cbam/sa/ReduceMean,0,/model/decoder/FEM2/cbam/Mul_output_0,Row major linear FP16 format,1x128x44x44
146,"PWN(PWN(/model/decoder/FEM2/cbam/ca/sigmoid/Sigmoid), PWN(/model/decoder/FEM2/cbam/Mul))",0,"Reformatted Output Tensor 0 to PWN(PWN(/model/decoder/FEM2/cbam/ca/sigmoid/Sigmoid), PWN(/model/decoder/FEM2/cbam/Mul))",Channel major FP16 format where channel % 8 == 0,"Reformatting CopyNode for Output Tensor 0 to PWN(PWN(/model/decoder/FEM2/cbam/ca/sigmoid/Sigmoid), PWN(/model/decoder/FEM2/cbam/Mul))",Channel major FP16 format where channel % 8 == 0,Row major linear FP16 format,/model/decoder/FEM2/cbam/sa/ReduceMax,0,/model/decoder/FEM2/cbam/Mul_output_0,Row major linear FP16 format,1x128x44x44
146,"PWN(PWN(/model/decoder/FEM2/cbam/ca/sigmoid/Sigmoid), PWN(/model/decoder/FEM2/cbam/Mul))",0,"Reformatted Output Tensor 0 to PWN(PWN(/model/decoder/FEM2/cbam/ca/sigmoid/Sigmoid), PWN(/model/decoder/FEM2/cbam/Mul))",Channel major FP16 format where channel % 8 == 0,"Reformatting CopyNode for Output Tensor 0 to PWN(PWN(/model/decoder/FEM2/cbam/ca/sigmoid/Sigmoid), PWN(/model/decoder/FEM2/cbam/Mul))",Channel major FP16 format where channel % 8 == 0,Row major linear FP16 format,"Reformatting CopyNode for Input Tensor 1 to PWN(PWN(/model/decoder/FEM2/cbam/sa/sigmoid/Sigmoid), PWN(/model/decoder/FEM2/cbam/Mul_1))",0,/model/decoder/FEM2/cbam/Mul_output_0,Row major linear FP16 format,1x128x44x44
147,"Reformatting CopyNode for Output Tensor 0 to PWN(PWN(/model/decoder/FEM2/cbam/ca/sigmoid/Sigmoid), PWN(/model/decoder/FEM2/cbam/Mul))",0,/model/decoder/FEM2/cbam/Mul_output_0,Row major linear FP16 format,"Reformatting CopyNode for Input Tensor 1 to PWN(PWN(/model/decoder/FEM2/cbam/sa/sigmoid/Sigmoid), PWN(/model/decoder/FEM2/cbam/Mul_1))",Row major linear FP16 format,Thirty-two wide channel vectorized row major Int8 format,"PWN(PWN(/model/decoder/FEM2/cbam/sa/sigmoid/Sigmoid), PWN(/model/decoder/FEM2/cbam/Mul_1))",1,"Reformatted Input Tensor 1 to PWN(PWN(/model/decoder/FEM2/cbam/sa/sigmoid/Sigmoid), PWN(/model/decoder/FEM2/cbam/Mul_1))",Thirty-two wide channel vectorized row major Int8 format,1x128x44x44
148,ONNXTRT_Broadcast_3020,0,(Unnamed Layer* 4768) [Shuffle]_output,Row major linear FP32,Reformatting CopyNode for Input Tensor 1 to PWN(/model/decoder/FEM2/prelu_1/PRelu),Row major linear FP32,Thirty-two wide channel vectorized row major Int8 format,PWN(/model/decoder/FEM2/prelu_1/PRelu),1,Reformatted Input Tensor 1 to PWN(/model/decoder/FEM2/prelu_1/PRelu),Thirty-two wide channel vectorized row major Int8 format,1x1x1x1
149,__myl_AddSqrtDivMulMulAddReshTran_myl90_3,0,/model/Transpose_1_output_0,Half,Reformatting CopyNode for Input Tensor 1 to /model/decoder/FEM2/conv3/Conv + /model/decoder/FEM2/Add_1,Channel major FP16 format where channel % 8 == 0,Thirty-two wide channel vectorized row major Int8 format,/model/decoder/FEM2/conv3/Conv + /model/decoder/FEM2/Add_1,1,Reformatted Input Tensor 1 to /model/decoder/FEM2/conv3/Conv + /model/decoder/FEM2/Add_1,Thirty-two wide channel vectorized row major Int8 format,1x128x44x44
150,"/model/decoder/FEM3/conv1/Conv + PWN(onnx::PRelu_6453 + ONNXTRT_Broadcast_3008, PWN(/model/decoder/FEM3/prelu/PRelu))",0,/model/decoder/FEM3/prelu/PRelu_output_0,Thirty-two wide channel vectorized row major Int8 format,Reformatting CopyNode for Input Tensor 0 to /model/decoder/FEM3/Reshape + /model/decoder/FEM3/Transpose,Thirty-two wide channel vectorized row major Int8 format,Channel major FP16 format where channel % 8 == 0,/model/decoder/FEM3/Reshape + /model/decoder/FEM3/Transpose,0,Reformatted Input Tensor 0 to /model/decoder/FEM3/Reshape + /model/decoder/FEM3/Transpose,Channel major FP16 format where channel % 8 == 0,1x320x22x22
151,/model/decoder/FEM3/Reshape_1,0,/model/decoder/FEM3/Reshape_1_output_0,Row major linear FP16 format,Reformatting CopyNode for Input Tensor 0 to PWN(/model/decoder/FEM3/Add),Row major linear FP16 format,Channel major FP16 format where channel % 8 == 0,PWN(/model/decoder/FEM3/Add),0,Reformatted Input Tensor 0 to PWN(/model/decoder/FEM3/Add),Channel major FP16 format where channel % 8 == 0,1x320x22x22
152,Reformatting CopyNode for Output Tensor 0 to {ForeignNode[model.rgb_encoder.block3.17.mlp.fc2.bias + ONNXTRT_Broadcast_2679.../model/Reshape_2 + /model/Transpose_2]},0,/model/Transpose_2_output_0,Thirty-two wide channel vectorized row major Int8 format,Reformatting CopyNode for Input Tensor 1 to PWN(/model/decoder/FEM3/Add),Thirty-two wide channel vectorized row major Int8 format,Channel major FP16 format where channel % 8 == 0,PWN(/model/decoder/FEM3/Add),1,Reformatted Input Tensor 1 to PWN(/model/decoder/FEM3/Add),Channel major FP16 format where channel % 8 == 0,1x320x22x22
153,"PWN(PWN(/model/decoder/FEM3/cbam/ca/sigmoid/Sigmoid), PWN(/model/decoder/FEM3/cbam/Mul))",0,"Reformatted Output Tensor 0 to PWN(PWN(/model/decoder/FEM3/cbam/ca/sigmoid/Sigmoid), PWN(/model/decoder/FEM3/cbam/Mul))",Channel major FP16 format where channel % 8 == 0,"Reformatting CopyNode for Output Tensor 0 to PWN(PWN(/model/decoder/FEM3/cbam/ca/sigmoid/Sigmoid), PWN(/model/decoder/FEM3/cbam/Mul))",Channel major FP16 format where channel % 8 == 0,Row major linear FP16 format,/model/decoder/FEM3/cbam/sa/ReduceMean,0,/model/decoder/FEM3/cbam/Mul_output_0,Row major linear FP16 format,1x320x22x22
153,"PWN(PWN(/model/decoder/FEM3/cbam/ca/sigmoid/Sigmoid), PWN(/model/decoder/FEM3/cbam/Mul))",0,"Reformatted Output Tensor 0 to PWN(PWN(/model/decoder/FEM3/cbam/ca/sigmoid/Sigmoid), PWN(/model/decoder/FEM3/cbam/Mul))",Channel major FP16 format where channel % 8 == 0,"Reformatting CopyNode for Output Tensor 0 to PWN(PWN(/model/decoder/FEM3/cbam/ca/sigmoid/Sigmoid), PWN(/model/decoder/FEM3/cbam/Mul))",Channel major FP16 format where channel % 8 == 0,Row major linear FP16 format,/model/decoder/FEM3/cbam/sa/ReduceMax,0,/model/decoder/FEM3/cbam/Mul_output_0,Row major linear FP16 format,1x320x22x22
153,"PWN(PWN(/model/decoder/FEM3/cbam/ca/sigmoid/Sigmoid), PWN(/model/decoder/FEM3/cbam/Mul))",0,"Reformatted Output Tensor 0 to PWN(PWN(/model/decoder/FEM3/cbam/ca/sigmoid/Sigmoid), PWN(/model/decoder/FEM3/cbam/Mul))",Channel major FP16 format where channel % 8 == 0,"Reformatting CopyNode for Output Tensor 0 to PWN(PWN(/model/decoder/FEM3/cbam/ca/sigmoid/Sigmoid), PWN(/model/decoder/FEM3/cbam/Mul))",Channel major FP16 format where channel % 8 == 0,Row major linear FP16 format,"Reformatting CopyNode for Input Tensor 1 to PWN(PWN(/model/decoder/FEM3/cbam/sa/sigmoid/Sigmoid), PWN(/model/decoder/FEM3/cbam/Mul_1))",0,/model/decoder/FEM3/cbam/Mul_output_0,Row major linear FP16 format,1x320x22x22
154,"Reformatting CopyNode for Output Tensor 0 to PWN(PWN(/model/decoder/FEM3/cbam/ca/sigmoid/Sigmoid), PWN(/model/decoder/FEM3/cbam/Mul))",0,/model/decoder/FEM3/cbam/Mul_output_0,Row major linear FP16 format,"Reformatting CopyNode for Input Tensor 1 to PWN(PWN(/model/decoder/FEM3/cbam/sa/sigmoid/Sigmoid), PWN(/model/decoder/FEM3/cbam/Mul_1))",Row major linear FP16 format,Thirty-two wide channel vectorized row major Int8 format,"PWN(PWN(/model/decoder/FEM3/cbam/sa/sigmoid/Sigmoid), PWN(/model/decoder/FEM3/cbam/Mul_1))",1,"Reformatted Input Tensor 1 to PWN(PWN(/model/decoder/FEM3/cbam/sa/sigmoid/Sigmoid), PWN(/model/decoder/FEM3/cbam/Mul_1))",Thirty-two wide channel vectorized row major Int8 format,1x320x22x22
155,ONNXTRT_Broadcast_3012,0,(Unnamed Layer* 4737) [Shuffle]_output,Row major linear FP32,Reformatting CopyNode for Input Tensor 1 to PWN(/model/decoder/FEM3/prelu_1/PRelu),Row major linear FP32,Thirty-two wide channel vectorized row major Int8 format,PWN(/model/decoder/FEM3/prelu_1/PRelu),1,Reformatted Input Tensor 1 to PWN(/model/decoder/FEM3/prelu_1/PRelu),Thirty-two wide channel vectorized row major Int8 format,1x1x1x1
156,ONNXTRT_Broadcast_3014,0,(Unnamed Layer* 4741) [Shuffle]_output,Row major linear FP32,Reformatting CopyNode for Input Tensor 1 to PWN(/model/decoder/FEM3/prelu_2/PRelu),Row major linear FP32,Thirty-two wide channel vectorized row major Int8 format,PWN(/model/decoder/FEM3/prelu_2/PRelu),1,Reformatted Input Tensor 1 to PWN(/model/decoder/FEM3/prelu_2/PRelu),Thirty-two wide channel vectorized row major Int8 format,1x1x1x1
157,"/model/decoder/FEM4/conv1/Conv + PWN(onnx::PRelu_6439 + ONNXTRT_Broadcast_3000, PWN(/model/decoder/FEM4/prelu/PRelu))",0,/model/decoder/FEM4/prelu/PRelu_output_0,Channel major FP16 format where channel % 8 == 0,Reformatting CopyNode for Input Tensor 0 to /model/decoder/FEM4/Reshape + /model/decoder/FEM4/Transpose,Channel major FP16 format where channel % 8 == 0,Channel major FP16 format where channel % 2 == 0,/model/decoder/FEM4/Reshape + /model/decoder/FEM4/Transpose,0,Reformatted Input Tensor 0 to /model/decoder/FEM4/Reshape + /model/decoder/FEM4/Transpose,Channel major FP16 format where channel % 2 == 0,1x512x11x11
158,/model/decoder/FEM4/Reshape_1,0,/model/decoder/FEM4/Reshape_1_output_0,Row major linear FP16 format,Reformatting CopyNode for Input Tensor 0 to PWN(/model/decoder/FEM4/Add),Row major linear FP16 format,Channel major FP16 format where channel % 8 == 0,PWN(/model/decoder/FEM4/Add),0,Reformatted Input Tensor 0 to PWN(/model/decoder/FEM4/Add),Channel major FP16 format where channel % 8 == 0,1x512x11x11
159,"PWN(PWN(/model/decoder/FEM4/cbam/ca/sigmoid/Sigmoid), PWN(/model/decoder/FEM4/cbam/Mul))",0,"Reformatted Output Tensor 0 to PWN(PWN(/model/decoder/FEM4/cbam/ca/sigmoid/Sigmoid), PWN(/model/decoder/FEM4/cbam/Mul))",Channel major FP16 format where channel % 8 == 0,"Reformatting CopyNode for Output Tensor 0 to PWN(PWN(/model/decoder/FEM4/cbam/ca/sigmoid/Sigmoid), PWN(/model/decoder/FEM4/cbam/Mul))",Channel major FP16 format where channel % 8 == 0,Row major linear FP16 format,/model/decoder/FEM4/cbam/sa/ReduceMean,0,/model/decoder/FEM4/cbam/Mul_output_0,Row major linear FP16 format,1x512x11x11
159,"PWN(PWN(/model/decoder/FEM4/cbam/ca/sigmoid/Sigmoid), PWN(/model/decoder/FEM4/cbam/Mul))",0,"Reformatted Output Tensor 0 to PWN(PWN(/model/decoder/FEM4/cbam/ca/sigmoid/Sigmoid), PWN(/model/decoder/FEM4/cbam/Mul))",Channel major FP16 format where channel % 8 == 0,"Reformatting CopyNode for Output Tensor 0 to PWN(PWN(/model/decoder/FEM4/cbam/ca/sigmoid/Sigmoid), PWN(/model/decoder/FEM4/cbam/Mul))",Channel major FP16 format where channel % 8 == 0,Row major linear FP16 format,/model/decoder/FEM4/cbam/sa/ReduceMax,0,/model/decoder/FEM4/cbam/Mul_output_0,Row major linear FP16 format,1x512x11x11
159,"PWN(PWN(/model/decoder/FEM4/cbam/ca/sigmoid/Sigmoid), PWN(/model/decoder/FEM4/cbam/Mul))",0,"Reformatted Output Tensor 0 to PWN(PWN(/model/decoder/FEM4/cbam/ca/sigmoid/Sigmoid), PWN(/model/decoder/FEM4/cbam/Mul))",Channel major FP16 format where channel % 8 == 0,"Reformatting CopyNode for Output Tensor 0 to PWN(PWN(/model/decoder/FEM4/cbam/ca/sigmoid/Sigmoid), PWN(/model/decoder/FEM4/cbam/Mul))",Channel major FP16 format where channel % 8 == 0,Row major linear FP16 format,"Reformatting CopyNode for Input Tensor 1 to PWN(PWN(/model/decoder/FEM4/cbam/sa/sigmoid/Sigmoid), PWN(/model/decoder/FEM4/cbam/Mul_1))",0,/model/decoder/FEM4/cbam/Mul_output_0,Row major linear FP16 format,1x512x11x11
160,"Reformatting CopyNode for Output Tensor 0 to PWN(PWN(/model/decoder/FEM4/cbam/ca/sigmoid/Sigmoid), PWN(/model/decoder/FEM4/cbam/Mul))",0,/model/decoder/FEM4/cbam/Mul_output_0,Row major linear FP16 format,"Reformatting CopyNode for Input Tensor 1 to PWN(PWN(/model/decoder/FEM4/cbam/sa/sigmoid/Sigmoid), PWN(/model/decoder/FEM4/cbam/Mul_1))",Row major linear FP16 format,Thirty-two wide channel vectorized row major Int8 format,"PWN(PWN(/model/decoder/FEM4/cbam/sa/sigmoid/Sigmoid), PWN(/model/decoder/FEM4/cbam/Mul_1))",1,"Reformatted Input Tensor 1 to PWN(PWN(/model/decoder/FEM4/cbam/sa/sigmoid/Sigmoid), PWN(/model/decoder/FEM4/cbam/Mul_1))",Thirty-two wide channel vectorized row major Int8 format,1x512x11x11
161,/model/decoder/FEM4/conv2/Conv,0,/model/decoder/FEM4/conv2/Conv_output_0,Thirty-two wide channel vectorized row major Int8 format,Reformatting CopyNode for Input Tensor 0 to PWN(/model/decoder/FEM4/prelu_1/PRelu),Thirty-two wide channel vectorized row major Int8 format,Channel major FP16 format where channel % 8 == 0,PWN(/model/decoder/FEM4/prelu_1/PRelu),0,Reformatted Input Tensor 0 to PWN(/model/decoder/FEM4/prelu_1/PRelu),Channel major FP16 format where channel % 8 == 0,1x512x11x11
162,ONNXTRT_Broadcast_3004,0,(Unnamed Layer* 4706) [Shuffle]_output,Row major linear FP32,Reformatting CopyNode for Input Tensor 1 to PWN(/model/decoder/FEM4/prelu_1/PRelu),Row major linear FP32,Channel major FP16 format where channel % 8 == 0,PWN(/model/decoder/FEM4/prelu_1/PRelu),1,Reformatted Input Tensor 1 to PWN(/model/decoder/FEM4/prelu_1/PRelu),Channel major FP16 format where channel % 8 == 0,1x1x1x1
163,/model/decoder/FEM4/conv3/Conv + /model/decoder/FEM4/Add_1,0,/model/decoder/FEM4/Add_1_output_0,Channel major FP16 format where channel % 8 == 0,Reformatting CopyNode for Input Tensor 0 to PWN(/model/decoder/FEM4/prelu_2/PRelu),Channel major FP16 format where channel % 8 == 0,Channel major FP16 format where channel % 16 == 0,PWN(/model/decoder/FEM4/prelu_2/PRelu),0,Reformatted Input Tensor 0 to PWN(/model/decoder/FEM4/prelu_2/PRelu),Channel major FP16 format where channel % 16 == 0,1x512x11x11
164,ONNXTRT_Broadcast_3006,0,(Unnamed Layer* 4710) [Shuffle]_output,Row major linear FP32,Reformatting CopyNode for Input Tensor 1 to PWN(/model/decoder/FEM4/prelu_2/PRelu),Row major linear FP32,Channel major FP16 format where channel % 16 == 0,PWN(/model/decoder/FEM4/prelu_2/PRelu),1,Reformatted Input Tensor 1 to PWN(/model/decoder/FEM4/prelu_2/PRelu),Channel major FP16 format where channel % 16 == 0,1x1x1x1
165,PWN(/model/decoder/FEM4/prelu_2/PRelu),0,/model/decoder/FEM4/prelu_2/PRelu_output_0,Channel major FP16 format where channel % 16 == 0,Reformatting CopyNode for Input Tensor 0 to /model/decoder/d42/Resize,Channel major FP16 format where channel % 16 == 0,Thirty-two wide channel vectorized row major Int8 format,/model/decoder/d42/Resize,0,Reformatted Input Tensor 0 to /model/decoder/d42/Resize,Thirty-two wide channel vectorized row major Int8 format,1x512x11x11
166,ONNXTRT_Broadcast_3022,0,(Unnamed Layer* 4772) [Shuffle]_output,Row major linear FP32,"Reformatting CopyNode for Input Tensor 1 to PWN(PWN(/model/decoder/FEM2/prelu_2/PRelu), PWN(/model/decoder/d42/Add))",Row major linear FP32,Thirty-two wide channel vectorized row major Int8 format,"PWN(PWN(/model/decoder/FEM2/prelu_2/PRelu), PWN(/model/decoder/d42/Add))",1,"Reformatted Input Tensor 1 to PWN(PWN(/model/decoder/FEM2/prelu_2/PRelu), PWN(/model/decoder/d42/Add))",Thirty-two wide channel vectorized row major Int8 format,1x1x1x1
167,ONNXTRT_Broadcast_3030,0,(Unnamed Layer* 4803) [Shuffle]_output,Row major linear FP32,"Reformatting CopyNode for Input Tensor 1 to PWN(PWN(PWN(/model/decoder/FEM1/prelu_2/PRelu), PWN(/model/decoder/d31/Add)), PWN(/model/decoder/d42_31/Add))",Row major linear FP32,Thirty-two wide channel vectorized row major Int8 format,"PWN(PWN(PWN(/model/decoder/FEM1/prelu_2/PRelu), PWN(/model/decoder/d31/Add)), PWN(/model/decoder/d42_31/Add))",1,"Reformatted Input Tensor 1 to PWN(PWN(PWN(/model/decoder/FEM1/prelu_2/PRelu), PWN(/model/decoder/d31/Add)), PWN(/model/decoder/d42_31/Add))",Thirty-two wide channel vectorized row major Int8 format,1x1x1x1
